Copyright 1986-2022 Xilinx, Inc. All Rights Reserved. Copyright 2022-2023 Advanced Micro Devices, Inc. All Rights Reserved.
---------------------------------------------------------------------------------------------------------------------------------------------
| Tool Version : Vivado v.2023.2 (win64) Build 4029153 Fri Oct 13 20:14:34 MDT 2023
| Date         : Sat Sep 19 18:52:06 2026
| Host         : Abhinav_S running 64-bit major release  (build 9200)
| Command      : report_timing_summary -delay_type max -max_paths 10 -file syn/reports/timing_summary.rpt
| Design       : mldsa_top
| Device       : 7z020-clg484
| Speed File   : -1  PRODUCTION 1.12 2019-11-22
| Design State : Synthesized
---------------------------------------------------------------------------------------------------------------------------------------------

Timing Summary Report

------------------------------------------------------------------------------------------------
| Timer Settings
| --------------
------------------------------------------------------------------------------------------------

  Enable Multi Corner Analysis               :  Yes
  Enable Pessimism Removal                   :  Yes
  Pessimism Removal Resolution               :  Nearest Common Node
  Enable Input Delay Default Clock           :  No
  Enable Preset / Clear Arcs                 :  No
  Disable Flight Delays                      :  No
  Ignore I/O Paths                           :  No
  Timing Early Launch at Borrowing Latches   :  No
  Borrow Time for Max Delay Exceptions       :  Yes
  Merge Timing Exceptions                    :  Yes
  Inter-SLR Compensation                     :  Conservative

  Corner  Analyze    Analyze    
  Name    Max Paths  Min Paths  
  ------  ---------  ---------  
  Slow    Yes        Yes        
  Fast    Yes        Yes        


------------------------------------------------------------------------------------------------
| Report Methodology
| ------------------
------------------------------------------------------------------------------------------------

No report available as report_methodology has not been run prior. Run report_methodology on the current design for the summary of methodology violations.



check_timing report

Table of Contents
-----------------
1. checking no_clock (0)
2. checking constant_clock (0)
3. checking pulse_width_clock (0)
4. checking unconstrained_internal_endpoints (0)
5. checking no_input_delay (1)
6. checking no_output_delay (0)
7. checking multiple_clock (0)
8. checking generated_clocks (0)
9. checking loops (0)
10. checking partial_input_delay (0)
11. checking partial_output_delay (0)
12. checking latch_loops (0)

1. checking no_clock (0)
------------------------
 There are 0 register/latch pins with no clock.


2. checking constant_clock (0)
------------------------------
 There are 0 register/latch pins with constant_clock.


3. checking pulse_width_clock (0)
---------------------------------
 There are 0 register/latch pins which need pulse_width check


4. checking unconstrained_internal_endpoints (0)
------------------------------------------------
 There are 0 pins that are not constrained for maximum delay.

 There are 0 pins that are not constrained for maximum delay due to constant clock.


5. checking no_input_delay (1)
------------------------------
 There are 0 input ports with no input delay specified.

 There is 1 input port with no input delay but user has a false path constraint. (MEDIUM)


6. checking no_output_delay (0)
-------------------------------
 There are 0 ports with no output delay specified.

 There are 0 ports with no output delay but user has a false path constraint

 There are 0 ports with no output delay but with a timing clock defined on it or propagating through it


7. checking multiple_clock (0)
------------------------------
 There are 0 register/latch pins with multiple clocks.


8. checking generated_clocks (0)
--------------------------------
 There are 0 generated clocks that are not connected to a clock source.


9. checking loops (0)
---------------------
 There are 0 combinational loops in the design.


10. checking partial_input_delay (0)
------------------------------------
 There are 0 input ports with partial input delay specified.


11. checking partial_output_delay (0)
-------------------------------------
 There are 0 ports with partial output delay specified.


12. checking latch_loops (0)
----------------------------
 There are 0 combinational latch loops in the design through latch input



------------------------------------------------------------------------------------------------
| Design Timing Summary
| ---------------------
------------------------------------------------------------------------------------------------

    WNS(ns)      TNS(ns)  TNS Failing Endpoints  TNS Total Endpoints     WPWS(ns)     TPWS(ns)  TPWS Failing Endpoints  TPWS Total Endpoints  
    -------      -------  ---------------------  -------------------     --------     --------  ----------------------  --------------------  
      2.838        0.000                      0               119675       11.250        0.000                       0                 27243  


All user specified timing constraints are met.


------------------------------------------------------------------------------------------------
| Clock Summary
| -------------
------------------------------------------------------------------------------------------------

Clock  Waveform(ns)       Period(ns)      Frequency(MHz)
-----  ------------       ----------      --------------
clk    {0.000 12.500}     25.000          40.000          


------------------------------------------------------------------------------------------------
| Intra Clock Table
| -----------------
------------------------------------------------------------------------------------------------

Clock             WNS(ns)      TNS(ns)  TNS Failing Endpoints  TNS Total Endpoints     WPWS(ns)     TPWS(ns)  TPWS Failing Endpoints  TPWS Total Endpoints  
-----             -------      -------  ---------------------  -------------------     --------     --------  ----------------------  --------------------  
clk                 2.838        0.000                      0               119675       11.250        0.000                       0                 27243  


------------------------------------------------------------------------------------------------
| Inter Clock Table
| -----------------
------------------------------------------------------------------------------------------------

From Clock    To Clock          WNS(ns)      TNS(ns)  TNS Failing Endpoints  TNS Total Endpoints  
----------    --------          -------      -------  ---------------------  -------------------  


------------------------------------------------------------------------------------------------
| Other Path Groups Table
| -----------------------
------------------------------------------------------------------------------------------------

Path Group    From Clock    To Clock          WNS(ns)      TNS(ns)  TNS Failing Endpoints  TNS Total Endpoints  
----------    ----------    --------          -------      -------  ---------------------  -------------------  


------------------------------------------------------------------------------------------------
| Timing Details
| --------------
------------------------------------------------------------------------------------------------


---------------------------------------------------------------------------------------------------
From Clock:  clk
  To Clock:  clk

Setup :            0  Failing Endpoints,  Worst Slack        2.838ns,  Total Violation        0.000ns
Hold  :           NA  Failing Endpoints,  Worst Slack           NA  ,  Total Violation           NA
PW    :            0  Failing Endpoints,  Worst Slack       11.250ns,  Total Violation        0.000ns
---------------------------------------------------------------------------------------------------


Max Delay Paths
--------------------------------------------------------------------------------------
Slack (MET) :             2.838ns  (required time - arrival time)
  Source:                 u_verify/spad_reg_3_2/CLKBWRCLK
                            (rising edge-triggered cell RAMB36E1 clocked by clk  {rise@0.000ns fall@12.500ns period=25.000ns})
  Destination:            u_verify/shake_wr_lane_data_reg[60]/D
                            (rising edge-triggered cell FDRE clocked by clk  {rise@0.000ns fall@12.500ns period=25.000ns})
  Path Group:             clk
  Path Type:              Setup (Max at Slow Process Corner)
  Requirement:            25.000ns  (clk rise@25.000ns - clk rise@0.000ns)
  Data Path Delay:        21.955ns  (logic 11.899ns (54.198%)  route 10.056ns (45.802%))
  Logic Levels:           31  (CARRY4=16 LUT2=2 LUT3=4 LUT4=1 LUT5=2 LUT6=6)
  Clock Path Skew:        -0.049ns (DCD - SCD + CPR)
    Destination Clock Delay (DCD):    0.924ns = ( 25.924 - 25.000 ) 
    Source Clock Delay      (SCD):    0.973ns
    Clock Pessimism Removal (CPR):    0.000ns
  Clock Uncertainty:      0.235ns  ((TSJ^2 + TIJ^2)^1/2 + DJ) / 2 + PE + UU
    Total System Jitter     (TSJ):    0.071ns
    Total Input Jitter      (TIJ):    0.000ns
    Discrete Jitter          (DJ):    0.000ns
    Phase Error              (PE):    0.000ns
    User Uncertainty         (UU):    0.200ns

    Location             Delay type                Incr(ns)  Path(ns)    Netlist Resource(s)
  -------------------------------------------------------------------    -------------------
                         (clock clk rise edge)        0.000     0.000 r  
                                                      0.000     0.000 r  clk (IN)
                         net (fo=27252, unset)        0.973     0.973    u_verify/clk
                         RAMB36E1                                     r  u_verify/spad_reg_3_2/CLKBWRCLK
  -------------------------------------------------------------------    -------------------
                         RAMB36E1 (Prop_ramb36e1_CLKBWRCLK_DOBDO[1])
                                                      2.454     3.427 r  u_verify/spad_reg_3_2/DOBDO[1]
                         net (fo=29, unplaced)        0.800     4.227    u_verify/u_uh/u_dec/sp_rd_data[19]
                         LUT2 (Prop_lut2_I0_O)        0.150     4.377 r  u_verify/u_uh/u_dec/r0_tmp2_carry_i_3/O
                         net (fo=1, unplaced)         0.000     4.377    u_verify/u_uh/u_dec/r0_tmp2_carry_i_3_n_0
                         CARRY4 (Prop_carry4_DI[1]_O[3])
                                                      0.656     5.033 r  u_verify/u_uh/u_dec/r0_tmp2_carry/O[3]
                         net (fo=3, unplaced)         0.636     5.669    u_verify/u_uh/u_dec/r0_tmp2_carry_n_4
                         LUT3 (Prop_lut3_I1_O)        0.307     5.976 r  u_verify/u_uh/u_dec/r0_tmp2__21_carry_i_6/O
                         net (fo=1, unplaced)         0.000     5.976    u_verify/u_uh/u_dec/r0_tmp2__21_carry_i_6_n_0
                         CARRY4 (Prop_carry4_S[1]_O[3])
                                                      0.643     6.619 r  u_verify/u_uh/u_dec/r0_tmp2__21_carry/O[3]
                         net (fo=1, unplaced)         0.618     7.237    u_verify/u_uh/u_dec/r0_tmp2__21_carry_n_4
                         LUT2 (Prop_lut2_I1_O)        0.307     7.544 r  u_verify/u_uh/u_dec/r0_tmp2__42_carry__2_i_1/O
                         net (fo=1, unplaced)         0.000     7.544    u_verify/u_uh/u_dec/r0_tmp2__42_carry__2_i_1_n_0
                         CARRY4 (Prop_carry4_S[3]_CO[3])
                                                      0.376     7.920 r  u_verify/u_uh/u_dec/r0_tmp2__42_carry__2/CO[3]
                         net (fo=1, unplaced)         0.000     7.920    u_verify/u_uh/u_dec/r0_tmp2__42_carry__2_n_0
                         CARRY4 (Prop_carry4_CI_O[0])
                                                      0.232     8.152 r  u_verify/u_uh/u_dec/r0_tmp2__42_carry__3/O[0]
                         net (fo=6, unplaced)         1.015     9.167    u_verify/u_uh/u_dec/r0_tmp2__42_carry__3_n_7
                         CARRY4 (Prop_carry4_S[3]_CO[3])
                                                      0.671     9.838 r  u_verify/u_uh/u_dec/r0_tmp2__91_carry__0/CO[3]
                         net (fo=1, unplaced)         0.000     9.838    u_verify/u_uh/u_dec/r0_tmp2__91_carry__0_n_0
                         CARRY4 (Prop_carry4_CI_CO[2])
                                                      0.252    10.090 r  u_verify/u_uh/u_dec/r0_tmp2__91_carry__1/CO[2]
                         net (fo=45, unplaced)        0.532    10.622    u_verify/u_uh/u_dec/r0_tmp2__91_carry__1_n_1
                         LUT3 (Prop_lut3_I1_O)        0.302    10.924 r  u_verify/u_uh/u_dec/r0_m0_carry_i_9/O
                         net (fo=1, unplaced)         0.902    11.826    u_verify/u_uh/u_dec/r0_tmp2[12]
                         LUT6 (Prop_lut6_I0_O)        0.124    11.950 f  u_verify/u_uh/u_dec/r0_m0_carry_i_4/O
                         net (fo=1, unplaced)         0.419    12.369    u_verify/u_uh/u_dec/r0_m0_carry_i_4_n_0
                         LUT6 (Prop_lut6_I1_O)        0.124    12.493 r  u_verify/u_uh/u_dec/r0_m0_carry_i_2/O
                         net (fo=38, unplaced)        0.524    13.017    u_verify/u_uh/u_dec/r0_tmp1
                         LUT6 (Prop_lut6_I1_O)        0.124    13.141 r  u_verify/u_uh/u_dec/r10__54_carry_i_18/O
                         net (fo=1, unplaced)         0.000    13.141    u_verify/u_uh/u_dec/r10__54_carry_i_18_n_0
                         CARRY4 (Prop_carry4_S[1]_CO[3])
                                                      0.533    13.674 r  u_verify/u_uh/u_dec/r10__54_carry_i_10/CO[3]
                         net (fo=1, unplaced)         0.000    13.674    u_verify/u_uh/u_dec/r10__54_carry_i_10_n_0
                         CARRY4 (Prop_carry4_CI_CO[3])
                                                      0.117    13.791 r  u_verify/u_uh/u_dec/r10__54_carry_i_9/CO[3]
                         net (fo=1, unplaced)         0.000    13.791    u_verify/u_uh/u_dec/r10__54_carry_i_9_n_0
                         CARRY4 (Prop_carry4_CI_CO[3])
                                                      0.117    13.908 r  u_verify/u_uh/u_dec/r10_carry_i_9/CO[3]
                         net (fo=1, unplaced)         0.000    13.908    u_verify/u_uh/u_dec/r10_carry_i_9_n_0
                         CARRY4 (Prop_carry4_CI_O[1])
                                                      0.337    14.245 r  u_verify/u_uh/u_dec/r10_carry__1_i_1/O[1]
                         net (fo=31, unplaced)        0.681    14.926    u_verify/u_uh/u_dec/sel0[21]
                         LUT3 (Prop_lut3_I0_O)        0.332    15.258 r  u_verify/u_uh/u_dec/r10_carry_i_3/O
                         net (fo=1, unplaced)         0.000    15.258    u_verify/u_uh/u_dec/r10_carry_i_3_n_0
                         CARRY4 (Prop_carry4_DI[1]_CO[3])
                                                      0.547    15.805 r  u_verify/u_uh/u_dec/r10_carry/CO[3]
                         net (fo=1, unplaced)         0.009    15.814    u_verify/u_uh/u_dec/r10_carry_n_0
                         CARRY4 (Prop_carry4_CI_O[1])
                                                      0.337    16.151 r  u_verify/u_uh/u_dec/r10_carry__0/O[1]
                         net (fo=5, unplaced)         0.639    16.790    u_verify/u_uh/u_dec/r10_carry__0_n_6
                         LUT5 (Prop_lut5_I1_O)        0.306    17.096 r  u_verify/u_uh/u_dec/r10__23_carry_i_5/O
                         net (fo=1, unplaced)         0.000    17.096    u_verify/u_uh/u_dec/r10__23_carry_i_5_n_0
                         CARRY4 (Prop_carry4_S[3]_CO[3])
                                                      0.376    17.472 r  u_verify/u_uh/u_dec/r10__23_carry/CO[3]
                         net (fo=1, unplaced)         0.009    17.481    u_verify/u_uh/u_dec/r10__23_carry_n_0
                         CARRY4 (Prop_carry4_CI_O[1])
                                                      0.337    17.818 r  u_verify/u_uh/u_dec/r10__23_carry__0/O[1]
                         net (fo=3, unplaced)         0.629    18.447    u_verify/u_uh/u_dec/r10__23_carry__0_n_6
                         LUT4 (Prop_lut4_I1_O)        0.306    18.753 r  u_verify/u_uh/u_dec/r10__54_carry__1_i_7/O
                         net (fo=1, unplaced)         0.000    18.753    u_verify/u_uh/u_dec/r10__54_carry__1_i_7_n_0
                         CARRY4 (Prop_carry4_S[1]_CO[3])
                                                      0.533    19.286 r  u_verify/u_uh/u_dec/r10__54_carry__1/CO[3]
                         net (fo=1, unplaced)         0.000    19.286    u_verify/u_uh/u_dec/r10__54_carry__1_n_0
                         CARRY4 (Prop_carry4_CI_CO[1])
                                                      0.179    19.465 r  u_verify/u_uh/u_dec/r10__54_carry__2/CO[1]
                         net (fo=5, unplaced)         0.340    19.805    u_verify/u_uh/u_dec/r10__54_carry__2_n_2
                         LUT3 (Prop_lut3_I0_O)        0.324    20.129 r  u_verify/u_uh/u_dec/w1_lane_data[59]_i_13/O
                         net (fo=6, unplaced)         0.481    20.610    u_verify/u_uh/u_dec/w1_lane_data[59]_i_13_n_0
                         LUT6 (Prop_lut6_I4_O)        0.124    20.734 f  u_verify/u_uh/u_dec/w1_lane_data[57]_i_7/O
                         net (fo=1, unplaced)         0.902    21.636    u_verify/u_uh/u_dec/r1__38[4]
                         LUT6 (Prop_lut6_I1_O)        0.124    21.760 r  u_verify/u_uh/u_dec/w1_lane_data[57]_i_3/O
                         net (fo=2, unplaced)         0.460    22.220    u_verify/u_uh/u_dec/w1_lane_data[57]_i_3_n_0
                         LUT5 (Prop_lut5_I2_O)        0.124    22.344 r  u_verify/u_uh/u_dec/w1_lane_data[56]_i_2/O
                         net (fo=2, unplaced)         0.460    22.804    u_verify/u_uh/u_dec/uh_out[0]
                         LUT6 (Prop_lut6_I0_O)        0.124    22.928 r  u_verify/u_uh/u_dec/shake_wr_lane_data[60]_i_1__0/O
                         net (fo=1, unplaced)         0.000    22.928    u_verify/u_uh_n_3
                         FDRE                                         r  u_verify/shake_wr_lane_data_reg[60]/D
  -------------------------------------------------------------------    -------------------

                         (clock clk rise edge)       25.000    25.000 r  
                                                      0.000    25.000 r  clk (IN)
                         net (fo=27252, unset)        0.924    25.924    u_verify/clk
                         FDRE                                         r  u_verify/shake_wr_lane_data_reg[60]/C
                         clock pessimism              0.000    25.924    
                         clock uncertainty           -0.235    25.689    
                         FDRE (Setup_fdre_C_D)        0.077    25.766    u_verify/shake_wr_lane_data_reg[60]
  -------------------------------------------------------------------
                         required time                         25.766    
                         arrival time                         -22.928    
  -------------------------------------------------------------------
                         slack                                  2.838    

Slack (MET) :             2.838ns  (required time - arrival time)
  Source:                 u_verify/spad_reg_3_2/CLKBWRCLK
                            (rising edge-triggered cell RAMB36E1 clocked by clk  {rise@0.000ns fall@12.500ns period=25.000ns})
  Destination:            u_verify/shake_wr_lane_data_reg[61]/D
                            (rising edge-triggered cell FDRE clocked by clk  {rise@0.000ns fall@12.500ns period=25.000ns})
  Path Group:             clk
  Path Type:              Setup (Max at Slow Process Corner)
  Requirement:            25.000ns  (clk rise@25.000ns - clk rise@0.000ns)
  Data Path Delay:        21.955ns  (logic 11.899ns (54.198%)  route 10.056ns (45.802%))
  Logic Levels:           31  (CARRY4=16 LUT2=2 LUT3=4 LUT4=1 LUT5=1 LUT6=7)
  Clock Path Skew:        -0.049ns (DCD - SCD + CPR)
    Destination Clock Delay (DCD):    0.924ns = ( 25.924 - 25.000 ) 
    Source Clock Delay      (SCD):    0.973ns
    Clock Pessimism Removal (CPR):    0.000ns
  Clock Uncertainty:      0.235ns  ((TSJ^2 + TIJ^2)^1/2 + DJ) / 2 + PE + UU
    Total System Jitter     (TSJ):    0.071ns
    Total Input Jitter      (TIJ):    0.000ns
    Discrete Jitter          (DJ):    0.000ns
    Phase Error              (PE):    0.000ns
    User Uncertainty         (UU):    0.200ns

    Location             Delay type                Incr(ns)  Path(ns)    Netlist Resource(s)
  -------------------------------------------------------------------    -------------------
                         (clock clk rise edge)        0.000     0.000 r  
                                                      0.000     0.000 r  clk (IN)
                         net (fo=27252, unset)        0.973     0.973    u_verify/clk
                         RAMB36E1                                     r  u_verify/spad_reg_3_2/CLKBWRCLK
  -------------------------------------------------------------------    -------------------
                         RAMB36E1 (Prop_ramb36e1_CLKBWRCLK_DOBDO[1])
                                                      2.454     3.427 r  u_verify/spad_reg_3_2/DOBDO[1]
                         net (fo=29, unplaced)        0.800     4.227    u_verify/u_uh/u_dec/sp_rd_data[19]
                         LUT2 (Prop_lut2_I0_O)        0.150     4.377 r  u_verify/u_uh/u_dec/r0_tmp2_carry_i_3/O
                         net (fo=1, unplaced)         0.000     4.377    u_verify/u_uh/u_dec/r0_tmp2_carry_i_3_n_0
                         CARRY4 (Prop_carry4_DI[1]_O[3])
                                                      0.656     5.033 r  u_verify/u_uh/u_dec/r0_tmp2_carry/O[3]
                         net (fo=3, unplaced)         0.636     5.669    u_verify/u_uh/u_dec/r0_tmp2_carry_n_4
                         LUT3 (Prop_lut3_I1_O)        0.307     5.976 r  u_verify/u_uh/u_dec/r0_tmp2__21_carry_i_6/O
                         net (fo=1, unplaced)         0.000     5.976    u_verify/u_uh/u_dec/r0_tmp2__21_carry_i_6_n_0
                         CARRY4 (Prop_carry4_S[1]_O[3])
                                                      0.643     6.619 r  u_verify/u_uh/u_dec/r0_tmp2__21_carry/O[3]
                         net (fo=1, unplaced)         0.618     7.237    u_verify/u_uh/u_dec/r0_tmp2__21_carry_n_4
                         LUT2 (Prop_lut2_I1_O)        0.307     7.544 r  u_verify/u_uh/u_dec/r0_tmp2__42_carry__2_i_1/O
                         net (fo=1, unplaced)         0.000     7.544    u_verify/u_uh/u_dec/r0_tmp2__42_carry__2_i_1_n_0
                         CARRY4 (Prop_carry4_S[3]_CO[3])
                                                      0.376     7.920 r  u_verify/u_uh/u_dec/r0_tmp2__42_carry__2/CO[3]
                         net (fo=1, unplaced)         0.000     7.920    u_verify/u_uh/u_dec/r0_tmp2__42_carry__2_n_0
                         CARRY4 (Prop_carry4_CI_O[0])
                                                      0.232     8.152 r  u_verify/u_uh/u_dec/r0_tmp2__42_carry__3/O[0]
                         net (fo=6, unplaced)         1.015     9.167    u_verify/u_uh/u_dec/r0_tmp2__42_carry__3_n_7
                         CARRY4 (Prop_carry4_S[3]_CO[3])
                                                      0.671     9.838 r  u_verify/u_uh/u_dec/r0_tmp2__91_carry__0/CO[3]
                         net (fo=1, unplaced)         0.000     9.838    u_verify/u_uh/u_dec/r0_tmp2__91_carry__0_n_0
                         CARRY4 (Prop_carry4_CI_CO[2])
                                                      0.252    10.090 r  u_verify/u_uh/u_dec/r0_tmp2__91_carry__1/CO[2]
                         net (fo=45, unplaced)        0.532    10.622    u_verify/u_uh/u_dec/r0_tmp2__91_carry__1_n_1
                         LUT3 (Prop_lut3_I1_O)        0.302    10.924 r  u_verify/u_uh/u_dec/r0_m0_carry_i_9/O
                         net (fo=1, unplaced)         0.902    11.826    u_verify/u_uh/u_dec/r0_tmp2[12]
                         LUT6 (Prop_lut6_I0_O)        0.124    11.950 f  u_verify/u_uh/u_dec/r0_m0_carry_i_4/O
                         net (fo=1, unplaced)         0.419    12.369    u_verify/u_uh/u_dec/r0_m0_carry_i_4_n_0
                         LUT6 (Prop_lut6_I1_O)        0.124    12.493 r  u_verify/u_uh/u_dec/r0_m0_carry_i_2/O
                         net (fo=38, unplaced)        0.524    13.017    u_verify/u_uh/u_dec/r0_tmp1
                         LUT6 (Prop_lut6_I1_O)        0.124    13.141 r  u_verify/u_uh/u_dec/r10__54_carry_i_18/O
                         net (fo=1, unplaced)         0.000    13.141    u_verify/u_uh/u_dec/r10__54_carry_i_18_n_0
                         CARRY4 (Prop_carry4_S[1]_CO[3])
                                                      0.533    13.674 r  u_verify/u_uh/u_dec/r10__54_carry_i_10/CO[3]
                         net (fo=1, unplaced)         0.000    13.674    u_verify/u_uh/u_dec/r10__54_carry_i_10_n_0
                         CARRY4 (Prop_carry4_CI_CO[3])
                                                      0.117    13.791 r  u_verify/u_uh/u_dec/r10__54_carry_i_9/CO[3]
                         net (fo=1, unplaced)         0.000    13.791    u_verify/u_uh/u_dec/r10__54_carry_i_9_n_0
                         CARRY4 (Prop_carry4_CI_CO[3])
                                                      0.117    13.908 r  u_verify/u_uh/u_dec/r10_carry_i_9/CO[3]
                         net (fo=1, unplaced)         0.000    13.908    u_verify/u_uh/u_dec/r10_carry_i_9_n_0
                         CARRY4 (Prop_carry4_CI_O[1])
                                                      0.337    14.245 r  u_verify/u_uh/u_dec/r10_carry__1_i_1/O[1]
                         net (fo=31, unplaced)        0.681    14.926    u_verify/u_uh/u_dec/sel0[21]
                         LUT3 (Prop_lut3_I0_O)        0.332    15.258 r  u_verify/u_uh/u_dec/r10_carry_i_3/O
                         net (fo=1, unplaced)         0.000    15.258    u_verify/u_uh/u_dec/r10_carry_i_3_n_0
                         CARRY4 (Prop_carry4_DI[1]_CO[3])
                                                      0.547    15.805 r  u_verify/u_uh/u_dec/r10_carry/CO[3]
                         net (fo=1, unplaced)         0.009    15.814    u_verify/u_uh/u_dec/r10_carry_n_0
                         CARRY4 (Prop_carry4_CI_O[1])
                                                      0.337    16.151 r  u_verify/u_uh/u_dec/r10_carry__0/O[1]
                         net (fo=5, unplaced)         0.639    16.790    u_verify/u_uh/u_dec/r10_carry__0_n_6
                         LUT5 (Prop_lut5_I1_O)        0.306    17.096 r  u_verify/u_uh/u_dec/r10__23_carry_i_5/O
                         net (fo=1, unplaced)         0.000    17.096    u_verify/u_uh/u_dec/r10__23_carry_i_5_n_0
                         CARRY4 (Prop_carry4_S[3]_CO[3])
                                                      0.376    17.472 r  u_verify/u_uh/u_dec/r10__23_carry/CO[3]
                         net (fo=1, unplaced)         0.009    17.481    u_verify/u_uh/u_dec/r10__23_carry_n_0
                         CARRY4 (Prop_carry4_CI_O[1])
                                                      0.337    17.818 r  u_verify/u_uh/u_dec/r10__23_carry__0/O[1]
                         net (fo=3, unplaced)         0.629    18.447    u_verify/u_uh/u_dec/r10__23_carry__0_n_6
                         LUT4 (Prop_lut4_I1_O)        0.306    18.753 r  u_verify/u_uh/u_dec/r10__54_carry__1_i_7/O
                         net (fo=1, unplaced)         0.000    18.753    u_verify/u_uh/u_dec/r10__54_carry__1_i_7_n_0
                         CARRY4 (Prop_carry4_S[1]_CO[3])
                                                      0.533    19.286 r  u_verify/u_uh/u_dec/r10__54_carry__1/CO[3]
                         net (fo=1, unplaced)         0.000    19.286    u_verify/u_uh/u_dec/r10__54_carry__1_n_0
                         CARRY4 (Prop_carry4_CI_CO[1])
                                                      0.179    19.465 r  u_verify/u_uh/u_dec/r10__54_carry__2/CO[1]
                         net (fo=5, unplaced)         0.340    19.805    u_verify/u_uh/u_dec/r10__54_carry__2_n_2
                         LUT3 (Prop_lut3_I0_O)        0.324    20.129 r  u_verify/u_uh/u_dec/w1_lane_data[59]_i_13/O
                         net (fo=6, unplaced)         0.481    20.610    u_verify/u_uh/u_dec/w1_lane_data[59]_i_13_n_0
                         LUT6 (Prop_lut6_I4_O)        0.124    20.734 f  u_verify/u_uh/u_dec/w1_lane_data[57]_i_7/O
                         net (fo=1, unplaced)         0.902    21.636    u_verify/u_uh/u_dec/r1__38[4]
                         LUT6 (Prop_lut6_I1_O)        0.124    21.760 r  u_verify/u_uh/u_dec/w1_lane_data[57]_i_3/O
                         net (fo=2, unplaced)         0.460    22.220    u_verify/u_uh/u_dec/w1_lane_data[57]_i_3_n_0
                         LUT6 (Prop_lut6_I2_O)        0.124    22.344 r  u_verify/u_uh/u_dec/w1_lane_data[57]_i_2/O
                         net (fo=2, unplaced)         0.460    22.804    u_verify/u_uh/u_dec/uh_out[1]
                         LUT6 (Prop_lut6_I0_O)        0.124    22.928 r  u_verify/u_uh/u_dec/shake_wr_lane_data[61]_i_1__0/O
                         net (fo=1, unplaced)         0.000    22.928    u_verify/u_uh_n_2
                         FDRE                                         r  u_verify/shake_wr_lane_data_reg[61]/D
  -------------------------------------------------------------------    -------------------

                         (clock clk rise edge)       25.000    25.000 r  
                                                      0.000    25.000 r  clk (IN)
                         net (fo=27252, unset)        0.924    25.924    u_verify/clk
                         FDRE                                         r  u_verify/shake_wr_lane_data_reg[61]/C
                         clock pessimism              0.000    25.924    
                         clock uncertainty           -0.235    25.689    
                         FDRE (Setup_fdre_C_D)        0.077    25.766    u_verify/shake_wr_lane_data_reg[61]
  -------------------------------------------------------------------
                         required time                         25.766    
                         arrival time                         -22.928    
  -------------------------------------------------------------------
                         slack                                  2.838    

Slack (MET) :             2.838ns  (required time - arrival time)
  Source:                 u_verify/spad_reg_3_2/CLKBWRCLK
                            (rising edge-triggered cell RAMB36E1 clocked by clk  {rise@0.000ns fall@12.500ns period=25.000ns})
  Destination:            u_verify/w1_lane_data_reg[0]/D
                            (rising edge-triggered cell FDRE clocked by clk  {rise@0.000ns fall@12.500ns period=25.000ns})
  Path Group:             clk
  Path Type:              Setup (Max at Slow Process Corner)
  Requirement:            25.000ns  (clk rise@25.000ns - clk rise@0.000ns)
  Data Path Delay:        21.955ns  (logic 11.899ns (54.198%)  route 10.056ns (45.802%))
  Logic Levels:           31  (CARRY4=16 LUT2=3 LUT3=4 LUT4=1 LUT5=2 LUT6=5)
  Clock Path Skew:        -0.049ns (DCD - SCD + CPR)
    Destination Clock Delay (DCD):    0.924ns = ( 25.924 - 25.000 ) 
    Source Clock Delay      (SCD):    0.973ns
    Clock Pessimism Removal (CPR):    0.000ns
  Clock Uncertainty:      0.235ns  ((TSJ^2 + TIJ^2)^1/2 + DJ) / 2 + PE + UU
    Total System Jitter     (TSJ):    0.071ns
    Total Input Jitter      (TIJ):    0.000ns
    Discrete Jitter          (DJ):    0.000ns
    Phase Error              (PE):    0.000ns
    User Uncertainty         (UU):    0.200ns

    Location             Delay type                Incr(ns)  Path(ns)    Netlist Resource(s)
  -------------------------------------------------------------------    -------------------
                         (clock clk rise edge)        0.000     0.000 r  
                                                      0.000     0.000 r  clk (IN)
                         net (fo=27252, unset)        0.973     0.973    u_verify/clk
                         RAMB36E1                                     r  u_verify/spad_reg_3_2/CLKBWRCLK
  -------------------------------------------------------------------    -------------------
                         RAMB36E1 (Prop_ramb36e1_CLKBWRCLK_DOBDO[1])
                                                      2.454     3.427 r  u_verify/spad_reg_3_2/DOBDO[1]
                         net (fo=29, unplaced)        0.800     4.227    u_verify/u_uh/u_dec/sp_rd_data[19]
                         LUT2 (Prop_lut2_I0_O)        0.150     4.377 r  u_verify/u_uh/u_dec/r0_tmp2_carry_i_3/O
                         net (fo=1, unplaced)         0.000     4.377    u_verify/u_uh/u_dec/r0_tmp2_carry_i_3_n_0
                         CARRY4 (Prop_carry4_DI[1]_O[3])
                                                      0.656     5.033 r  u_verify/u_uh/u_dec/r0_tmp2_carry/O[3]
                         net (fo=3, unplaced)         0.636     5.669    u_verify/u_uh/u_dec/r0_tmp2_carry_n_4
                         LUT3 (Prop_lut3_I1_O)        0.307     5.976 r  u_verify/u_uh/u_dec/r0_tmp2__21_carry_i_6/O
                         net (fo=1, unplaced)         0.000     5.976    u_verify/u_uh/u_dec/r0_tmp2__21_carry_i_6_n_0
                         CARRY4 (Prop_carry4_S[1]_O[3])
                                                      0.643     6.619 r  u_verify/u_uh/u_dec/r0_tmp2__21_carry/O[3]
                         net (fo=1, unplaced)         0.618     7.237    u_verify/u_uh/u_dec/r0_tmp2__21_carry_n_4
                         LUT2 (Prop_lut2_I1_O)        0.307     7.544 r  u_verify/u_uh/u_dec/r0_tmp2__42_carry__2_i_1/O
                         net (fo=1, unplaced)         0.000     7.544    u_verify/u_uh/u_dec/r0_tmp2__42_carry__2_i_1_n_0
                         CARRY4 (Prop_carry4_S[3]_CO[3])
                                                      0.376     7.920 r  u_verify/u_uh/u_dec/r0_tmp2__42_carry__2/CO[3]
                         net (fo=1, unplaced)         0.000     7.920    u_verify/u_uh/u_dec/r0_tmp2__42_carry__2_n_0
                         CARRY4 (Prop_carry4_CI_O[0])
                                                      0.232     8.152 r  u_verify/u_uh/u_dec/r0_tmp2__42_carry__3/O[0]
                         net (fo=6, unplaced)         1.015     9.167    u_verify/u_uh/u_dec/r0_tmp2__42_carry__3_n_7
                         CARRY4 (Prop_carry4_S[3]_CO[3])
                                                      0.671     9.838 r  u_verify/u_uh/u_dec/r0_tmp2__91_carry__0/CO[3]
                         net (fo=1, unplaced)         0.000     9.838    u_verify/u_uh/u_dec/r0_tmp2__91_carry__0_n_0
                         CARRY4 (Prop_carry4_CI_CO[2])
                                                      0.252    10.090 r  u_verify/u_uh/u_dec/r0_tmp2__91_carry__1/CO[2]
                         net (fo=45, unplaced)        0.532    10.622    u_verify/u_uh/u_dec/r0_tmp2__91_carry__1_n_1
                         LUT3 (Prop_lut3_I1_O)        0.302    10.924 r  u_verify/u_uh/u_dec/r0_m0_carry_i_9/O
                         net (fo=1, unplaced)         0.902    11.826    u_verify/u_uh/u_dec/r0_tmp2[12]
                         LUT6 (Prop_lut6_I0_O)        0.124    11.950 f  u_verify/u_uh/u_dec/r0_m0_carry_i_4/O
                         net (fo=1, unplaced)         0.419    12.369    u_verify/u_uh/u_dec/r0_m0_carry_i_4_n_0
                         LUT6 (Prop_lut6_I1_O)        0.124    12.493 r  u_verify/u_uh/u_dec/r0_m0_carry_i_2/O
                         net (fo=38, unplaced)        0.524    13.017    u_verify/u_uh/u_dec/r0_tmp1
                         LUT6 (Prop_lut6_I1_O)        0.124    13.141 r  u_verify/u_uh/u_dec/r10__54_carry_i_18/O
                         net (fo=1, unplaced)         0.000    13.141    u_verify/u_uh/u_dec/r10__54_carry_i_18_n_0
                         CARRY4 (Prop_carry4_S[1]_CO[3])
                                                      0.533    13.674 r  u_verify/u_uh/u_dec/r10__54_carry_i_10/CO[3]
                         net (fo=1, unplaced)         0.000    13.674    u_verify/u_uh/u_dec/r10__54_carry_i_10_n_0
                         CARRY4 (Prop_carry4_CI_CO[3])
                                                      0.117    13.791 r  u_verify/u_uh/u_dec/r10__54_carry_i_9/CO[3]
                         net (fo=1, unplaced)         0.000    13.791    u_verify/u_uh/u_dec/r10__54_carry_i_9_n_0
                         CARRY4 (Prop_carry4_CI_CO[3])
                                                      0.117    13.908 r  u_verify/u_uh/u_dec/r10_carry_i_9/CO[3]
                         net (fo=1, unplaced)         0.000    13.908    u_verify/u_uh/u_dec/r10_carry_i_9_n_0
                         CARRY4 (Prop_carry4_CI_O[1])
                                                      0.337    14.245 r  u_verify/u_uh/u_dec/r10_carry__1_i_1/O[1]
                         net (fo=31, unplaced)        0.681    14.926    u_verify/u_uh/u_dec/sel0[21]
                         LUT3 (Prop_lut3_I0_O)        0.332    15.258 r  u_verify/u_uh/u_dec/r10_carry_i_3/O
                         net (fo=1, unplaced)         0.000    15.258    u_verify/u_uh/u_dec/r10_carry_i_3_n_0
                         CARRY4 (Prop_carry4_DI[1]_CO[3])
                                                      0.547    15.805 r  u_verify/u_uh/u_dec/r10_carry/CO[3]
                         net (fo=1, unplaced)         0.009    15.814    u_verify/u_uh/u_dec/r10_carry_n_0
                         CARRY4 (Prop_carry4_CI_O[1])
                                                      0.337    16.151 r  u_verify/u_uh/u_dec/r10_carry__0/O[1]
                         net (fo=5, unplaced)         0.639    16.790    u_verify/u_uh/u_dec/r10_carry__0_n_6
                         LUT5 (Prop_lut5_I1_O)        0.306    17.096 r  u_verify/u_uh/u_dec/r10__23_carry_i_5/O
                         net (fo=1, unplaced)         0.000    17.096    u_verify/u_uh/u_dec/r10__23_carry_i_5_n_0
                         CARRY4 (Prop_carry4_S[3]_CO[3])
                                                      0.376    17.472 r  u_verify/u_uh/u_dec/r10__23_carry/CO[3]
                         net (fo=1, unplaced)         0.009    17.481    u_verify/u_uh/u_dec/r10__23_carry_n_0
                         CARRY4 (Prop_carry4_CI_O[1])
                                                      0.337    17.818 r  u_verify/u_uh/u_dec/r10__23_carry__0/O[1]
                         net (fo=3, unplaced)         0.629    18.447    u_verify/u_uh/u_dec/r10__23_carry__0_n_6
                         LUT4 (Prop_lut4_I1_O)        0.306    18.753 r  u_verify/u_uh/u_dec/r10__54_carry__1_i_7/O
                         net (fo=1, unplaced)         0.000    18.753    u_verify/u_uh/u_dec/r10__54_carry__1_i_7_n_0
                         CARRY4 (Prop_carry4_S[1]_CO[3])
                                                      0.533    19.286 r  u_verify/u_uh/u_dec/r10__54_carry__1/CO[3]
                         net (fo=1, unplaced)         0.000    19.286    u_verify/u_uh/u_dec/r10__54_carry__1_n_0
                         CARRY4 (Prop_carry4_CI_CO[1])
                                                      0.179    19.465 r  u_verify/u_uh/u_dec/r10__54_carry__2/CO[1]
                         net (fo=5, unplaced)         0.340    19.805    u_verify/u_uh/u_dec/r10__54_carry__2_n_2
                         LUT3 (Prop_lut3_I0_O)        0.324    20.129 r  u_verify/u_uh/u_dec/w1_lane_data[59]_i_13/O
                         net (fo=6, unplaced)         0.481    20.610    u_verify/u_uh/u_dec/w1_lane_data[59]_i_13_n_0
                         LUT6 (Prop_lut6_I4_O)        0.124    20.734 f  u_verify/u_uh/u_dec/w1_lane_data[57]_i_7/O
                         net (fo=1, unplaced)         0.902    21.636    u_verify/u_uh/u_dec/r1__38[4]
                         LUT6 (Prop_lut6_I1_O)        0.124    21.760 r  u_verify/u_uh/u_dec/w1_lane_data[57]_i_3/O
                         net (fo=2, unplaced)         0.460    22.220    u_verify/u_uh/u_dec/w1_lane_data[57]_i_3_n_0
                         LUT5 (Prop_lut5_I2_O)        0.124    22.344 r  u_verify/u_uh/u_dec/w1_lane_data[56]_i_2/O
                         net (fo=2, unplaced)         0.460    22.804    u_verify/u_uh/u_dec/uh_out[0]
                         LUT2 (Prop_lut2_I1_O)        0.124    22.928 r  u_verify/u_uh/u_dec/w1_lane_data[56]_i_1/O
                         net (fo=15, unplaced)        0.000    22.928    u_verify/u_uh_n_7
                         FDRE                                         r  u_verify/w1_lane_data_reg[0]/D
  -------------------------------------------------------------------    -------------------

                         (clock clk rise edge)       25.000    25.000 r  
                                                      0.000    25.000 r  clk (IN)
                         net (fo=27252, unset)        0.924    25.924    u_verify/clk
                         FDRE                                         r  u_verify/w1_lane_data_reg[0]/C
                         clock pessimism              0.000    25.924    
                         clock uncertainty           -0.235    25.689    
                         FDRE (Setup_fdre_C_D)        0.077    25.766    u_verify/w1_lane_data_reg[0]
  -------------------------------------------------------------------
                         required time                         25.766    
                         arrival time                         -22.928    
  -------------------------------------------------------------------
                         slack                                  2.838    

Slack (MET) :             2.838ns  (required time - arrival time)
  Source:                 u_verify/spad_reg_3_2/CLKBWRCLK
                            (rising edge-triggered cell RAMB36E1 clocked by clk  {rise@0.000ns fall@12.500ns period=25.000ns})
  Destination:            u_verify/w1_lane_data_reg[12]/D
                            (rising edge-triggered cell FDRE clocked by clk  {rise@0.000ns fall@12.500ns period=25.000ns})
  Path Group:             clk
  Path Type:              Setup (Max at Slow Process Corner)
  Requirement:            25.000ns  (clk rise@25.000ns - clk rise@0.000ns)
  Data Path Delay:        21.955ns  (logic 11.899ns (54.198%)  route 10.056ns (45.802%))
  Logic Levels:           31  (CARRY4=16 LUT2=3 LUT3=4 LUT4=1 LUT5=2 LUT6=5)
  Clock Path Skew:        -0.049ns (DCD - SCD + CPR)
    Destination Clock Delay (DCD):    0.924ns = ( 25.924 - 25.000 ) 
    Source Clock Delay      (SCD):    0.973ns
    Clock Pessimism Removal (CPR):    0.000ns
  Clock Uncertainty:      0.235ns  ((TSJ^2 + TIJ^2)^1/2 + DJ) / 2 + PE + UU
    Total System Jitter     (TSJ):    0.071ns
    Total Input Jitter      (TIJ):    0.000ns
    Discrete Jitter          (DJ):    0.000ns
    Phase Error              (PE):    0.000ns
    User Uncertainty         (UU):    0.200ns

    Location             Delay type                Incr(ns)  Path(ns)    Netlist Resource(s)
  -------------------------------------------------------------------    -------------------
                         (clock clk rise edge)        0.000     0.000 r  
                                                      0.000     0.000 r  clk (IN)
                         net (fo=27252, unset)        0.973     0.973    u_verify/clk
                         RAMB36E1                                     r  u_verify/spad_reg_3_2/CLKBWRCLK
  -------------------------------------------------------------------    -------------------
                         RAMB36E1 (Prop_ramb36e1_CLKBWRCLK_DOBDO[1])
                                                      2.454     3.427 r  u_verify/spad_reg_3_2/DOBDO[1]
                         net (fo=29, unplaced)        0.800     4.227    u_verify/u_uh/u_dec/sp_rd_data[19]
                         LUT2 (Prop_lut2_I0_O)        0.150     4.377 r  u_verify/u_uh/u_dec/r0_tmp2_carry_i_3/O
                         net (fo=1, unplaced)         0.000     4.377    u_verify/u_uh/u_dec/r0_tmp2_carry_i_3_n_0
                         CARRY4 (Prop_carry4_DI[1]_O[3])
                                                      0.656     5.033 r  u_verify/u_uh/u_dec/r0_tmp2_carry/O[3]
                         net (fo=3, unplaced)         0.636     5.669    u_verify/u_uh/u_dec/r0_tmp2_carry_n_4
                         LUT3 (Prop_lut3_I1_O)        0.307     5.976 r  u_verify/u_uh/u_dec/r0_tmp2__21_carry_i_6/O
                         net (fo=1, unplaced)         0.000     5.976    u_verify/u_uh/u_dec/r0_tmp2__21_carry_i_6_n_0
                         CARRY4 (Prop_carry4_S[1]_O[3])
                                                      0.643     6.619 r  u_verify/u_uh/u_dec/r0_tmp2__21_carry/O[3]
                         net (fo=1, unplaced)         0.618     7.237    u_verify/u_uh/u_dec/r0_tmp2__21_carry_n_4
                         LUT2 (Prop_lut2_I1_O)        0.307     7.544 r  u_verify/u_uh/u_dec/r0_tmp2__42_carry__2_i_1/O
                         net (fo=1, unplaced)         0.000     7.544    u_verify/u_uh/u_dec/r0_tmp2__42_carry__2_i_1_n_0
                         CARRY4 (Prop_carry4_S[3]_CO[3])
                                                      0.376     7.920 r  u_verify/u_uh/u_dec/r0_tmp2__42_carry__2/CO[3]
                         net (fo=1, unplaced)         0.000     7.920    u_verify/u_uh/u_dec/r0_tmp2__42_carry__2_n_0
                         CARRY4 (Prop_carry4_CI_O[0])
                                                      0.232     8.152 r  u_verify/u_uh/u_dec/r0_tmp2__42_carry__3/O[0]
                         net (fo=6, unplaced)         1.015     9.167    u_verify/u_uh/u_dec/r0_tmp2__42_carry__3_n_7
                         CARRY4 (Prop_carry4_S[3]_CO[3])
                                                      0.671     9.838 r  u_verify/u_uh/u_dec/r0_tmp2__91_carry__0/CO[3]
                         net (fo=1, unplaced)         0.000     9.838    u_verify/u_uh/u_dec/r0_tmp2__91_carry__0_n_0
                         CARRY4 (Prop_carry4_CI_CO[2])
                                                      0.252    10.090 r  u_verify/u_uh/u_dec/r0_tmp2__91_carry__1/CO[2]
                         net (fo=45, unplaced)        0.532    10.622    u_verify/u_uh/u_dec/r0_tmp2__91_carry__1_n_1
                         LUT3 (Prop_lut3_I1_O)        0.302    10.924 r  u_verify/u_uh/u_dec/r0_m0_carry_i_9/O
                         net (fo=1, unplaced)         0.902    11.826    u_verify/u_uh/u_dec/r0_tmp2[12]
                         LUT6 (Prop_lut6_I0_O)        0.124    11.950 f  u_verify/u_uh/u_dec/r0_m0_carry_i_4/O
                         net (fo=1, unplaced)         0.419    12.369    u_verify/u_uh/u_dec/r0_m0_carry_i_4_n_0
                         LUT6 (Prop_lut6_I1_O)        0.124    12.493 r  u_verify/u_uh/u_dec/r0_m0_carry_i_2/O
                         net (fo=38, unplaced)        0.524    13.017    u_verify/u_uh/u_dec/r0_tmp1
                         LUT6 (Prop_lut6_I1_O)        0.124    13.141 r  u_verify/u_uh/u_dec/r10__54_carry_i_18/O
                         net (fo=1, unplaced)         0.000    13.141    u_verify/u_uh/u_dec/r10__54_carry_i_18_n_0
                         CARRY4 (Prop_carry4_S[1]_CO[3])
                                                      0.533    13.674 r  u_verify/u_uh/u_dec/r10__54_carry_i_10/CO[3]
                         net (fo=1, unplaced)         0.000    13.674    u_verify/u_uh/u_dec/r10__54_carry_i_10_n_0
                         CARRY4 (Prop_carry4_CI_CO[3])
                                                      0.117    13.791 r  u_verify/u_uh/u_dec/r10__54_carry_i_9/CO[3]
                         net (fo=1, unplaced)         0.000    13.791    u_verify/u_uh/u_dec/r10__54_carry_i_9_n_0
                         CARRY4 (Prop_carry4_CI_CO[3])
                                                      0.117    13.908 r  u_verify/u_uh/u_dec/r10_carry_i_9/CO[3]
                         net (fo=1, unplaced)         0.000    13.908    u_verify/u_uh/u_dec/r10_carry_i_9_n_0
                         CARRY4 (Prop_carry4_CI_O[1])
                                                      0.337    14.245 r  u_verify/u_uh/u_dec/r10_carry__1_i_1/O[1]
                         net (fo=31, unplaced)        0.681    14.926    u_verify/u_uh/u_dec/sel0[21]
                         LUT3 (Prop_lut3_I0_O)        0.332    15.258 r  u_verify/u_uh/u_dec/r10_carry_i_3/O
                         net (fo=1, unplaced)         0.000    15.258    u_verify/u_uh/u_dec/r10_carry_i_3_n_0
                         CARRY4 (Prop_carry4_DI[1]_CO[3])
                                                      0.547    15.805 r  u_verify/u_uh/u_dec/r10_carry/CO[3]
                         net (fo=1, unplaced)         0.009    15.814    u_verify/u_uh/u_dec/r10_carry_n_0
                         CARRY4 (Prop_carry4_CI_O[1])
                                                      0.337    16.151 r  u_verify/u_uh/u_dec/r10_carry__0/O[1]
                         net (fo=5, unplaced)         0.639    16.790    u_verify/u_uh/u_dec/r10_carry__0_n_6
                         LUT5 (Prop_lut5_I1_O)        0.306    17.096 r  u_verify/u_uh/u_dec/r10__23_carry_i_5/O
                         net (fo=1, unplaced)         0.000    17.096    u_verify/u_uh/u_dec/r10__23_carry_i_5_n_0
                         CARRY4 (Prop_carry4_S[3]_CO[3])
                                                      0.376    17.472 r  u_verify/u_uh/u_dec/r10__23_carry/CO[3]
                         net (fo=1, unplaced)         0.009    17.481    u_verify/u_uh/u_dec/r10__23_carry_n_0
                         CARRY4 (Prop_carry4_CI_O[1])
                                                      0.337    17.818 r  u_verify/u_uh/u_dec/r10__23_carry__0/O[1]
                         net (fo=3, unplaced)         0.629    18.447    u_verify/u_uh/u_dec/r10__23_carry__0_n_6
                         LUT4 (Prop_lut4_I1_O)        0.306    18.753 r  u_verify/u_uh/u_dec/r10__54_carry__1_i_7/O
                         net (fo=1, unplaced)         0.000    18.753    u_verify/u_uh/u_dec/r10__54_carry__1_i_7_n_0
                         CARRY4 (Prop_carry4_S[1]_CO[3])
                                                      0.533    19.286 r  u_verify/u_uh/u_dec/r10__54_carry__1/CO[3]
                         net (fo=1, unplaced)         0.000    19.286    u_verify/u_uh/u_dec/r10__54_carry__1_n_0
                         CARRY4 (Prop_carry4_CI_CO[1])
                                                      0.179    19.465 r  u_verify/u_uh/u_dec/r10__54_carry__2/CO[1]
                         net (fo=5, unplaced)         0.340    19.805    u_verify/u_uh/u_dec/r10__54_carry__2_n_2
                         LUT3 (Prop_lut3_I0_O)        0.324    20.129 r  u_verify/u_uh/u_dec/w1_lane_data[59]_i_13/O
                         net (fo=6, unplaced)         0.481    20.610    u_verify/u_uh/u_dec/w1_lane_data[59]_i_13_n_0
                         LUT6 (Prop_lut6_I4_O)        0.124    20.734 f  u_verify/u_uh/u_dec/w1_lane_data[57]_i_7/O
                         net (fo=1, unplaced)         0.902    21.636    u_verify/u_uh/u_dec/r1__38[4]
                         LUT6 (Prop_lut6_I1_O)        0.124    21.760 r  u_verify/u_uh/u_dec/w1_lane_data[57]_i_3/O
                         net (fo=2, unplaced)         0.460    22.220    u_verify/u_uh/u_dec/w1_lane_data[57]_i_3_n_0
                         LUT5 (Prop_lut5_I2_O)        0.124    22.344 r  u_verify/u_uh/u_dec/w1_lane_data[56]_i_2/O
                         net (fo=2, unplaced)         0.460    22.804    u_verify/u_uh/u_dec/uh_out[0]
                         LUT2 (Prop_lut2_I1_O)        0.124    22.928 r  u_verify/u_uh/u_dec/w1_lane_data[56]_i_1/O
                         net (fo=15, unplaced)        0.000    22.928    u_verify/u_uh_n_7
                         FDRE                                         r  u_verify/w1_lane_data_reg[12]/D
  -------------------------------------------------------------------    -------------------

                         (clock clk rise edge)       25.000    25.000 r  
                                                      0.000    25.000 r  clk (IN)
                         net (fo=27252, unset)        0.924    25.924    u_verify/clk
                         FDRE                                         r  u_verify/w1_lane_data_reg[12]/C
                         clock pessimism              0.000    25.924    
                         clock uncertainty           -0.235    25.689    
                         FDRE (Setup_fdre_C_D)        0.077    25.766    u_verify/w1_lane_data_reg[12]
  -------------------------------------------------------------------
                         required time                         25.766    
                         arrival time                         -22.928    
  -------------------------------------------------------------------
                         slack                                  2.838    

Slack (MET) :             2.838ns  (required time - arrival time)
  Source:                 u_verify/spad_reg_3_2/CLKBWRCLK
                            (rising edge-triggered cell RAMB36E1 clocked by clk  {rise@0.000ns fall@12.500ns period=25.000ns})
  Destination:            u_verify/w1_lane_data_reg[16]/D
                            (rising edge-triggered cell FDRE clocked by clk  {rise@0.000ns fall@12.500ns period=25.000ns})
  Path Group:             clk
  Path Type:              Setup (Max at Slow Process Corner)
  Requirement:            25.000ns  (clk rise@25.000ns - clk rise@0.000ns)
  Data Path Delay:        21.955ns  (logic 11.899ns (54.198%)  route 10.056ns (45.802%))
  Logic Levels:           31  (CARRY4=16 LUT2=3 LUT3=4 LUT4=1 LUT5=2 LUT6=5)
  Clock Path Skew:        -0.049ns (DCD - SCD + CPR)
    Destination Clock Delay (DCD):    0.924ns = ( 25.924 - 25.000 ) 
    Source Clock Delay      (SCD):    0.973ns
    Clock Pessimism Removal (CPR):    0.000ns
  Clock Uncertainty:      0.235ns  ((TSJ^2 + TIJ^2)^1/2 + DJ) / 2 + PE + UU
    Total System Jitter     (TSJ):    0.071ns
    Total Input Jitter      (TIJ):    0.000ns
    Discrete Jitter          (DJ):    0.000ns
    Phase Error              (PE):    0.000ns
    User Uncertainty         (UU):    0.200ns

    Location             Delay type                Incr(ns)  Path(ns)    Netlist Resource(s)
  -------------------------------------------------------------------    -------------------
                         (clock clk rise edge)        0.000     0.000 r  
                                                      0.000     0.000 r  clk (IN)
                         net (fo=27252, unset)        0.973     0.973    u_verify/clk
                         RAMB36E1                                     r  u_verify/spad_reg_3_2/CLKBWRCLK
  -------------------------------------------------------------------    -------------------
                         RAMB36E1 (Prop_ramb36e1_CLKBWRCLK_DOBDO[1])
                                                      2.454     3.427 r  u_verify/spad_reg_3_2/DOBDO[1]
                         net (fo=29, unplaced)        0.800     4.227    u_verify/u_uh/u_dec/sp_rd_data[19]
                         LUT2 (Prop_lut2_I0_O)        0.150     4.377 r  u_verify/u_uh/u_dec/r0_tmp2_carry_i_3/O
                         net (fo=1, unplaced)         0.000     4.377    u_verify/u_uh/u_dec/r0_tmp2_carry_i_3_n_0
                         CARRY4 (Prop_carry4_DI[1]_O[3])
                                                      0.656     5.033 r  u_verify/u_uh/u_dec/r0_tmp2_carry/O[3]
                         net (fo=3, unplaced)         0.636     5.669    u_verify/u_uh/u_dec/r0_tmp2_carry_n_4
                         LUT3 (Prop_lut3_I1_O)        0.307     5.976 r  u_verify/u_uh/u_dec/r0_tmp2__21_carry_i_6/O
                         net (fo=1, unplaced)         0.000     5.976    u_verify/u_uh/u_dec/r0_tmp2__21_carry_i_6_n_0
                         CARRY4 (Prop_carry4_S[1]_O[3])
                                                      0.643     6.619 r  u_verify/u_uh/u_dec/r0_tmp2__21_carry/O[3]
                         net (fo=1, unplaced)         0.618     7.237    u_verify/u_uh/u_dec/r0_tmp2__21_carry_n_4
                         LUT2 (Prop_lut2_I1_O)        0.307     7.544 r  u_verify/u_uh/u_dec/r0_tmp2__42_carry__2_i_1/O
                         net (fo=1, unplaced)         0.000     7.544    u_verify/u_uh/u_dec/r0_tmp2__42_carry__2_i_1_n_0
                         CARRY4 (Prop_carry4_S[3]_CO[3])
                                                      0.376     7.920 r  u_verify/u_uh/u_dec/r0_tmp2__42_carry__2/CO[3]
                         net (fo=1, unplaced)         0.000     7.920    u_verify/u_uh/u_dec/r0_tmp2__42_carry__2_n_0
                         CARRY4 (Prop_carry4_CI_O[0])
                                                      0.232     8.152 r  u_verify/u_uh/u_dec/r0_tmp2__42_carry__3/O[0]
                         net (fo=6, unplaced)         1.015     9.167    u_verify/u_uh/u_dec/r0_tmp2__42_carry__3_n_7
                         CARRY4 (Prop_carry4_S[3]_CO[3])
                                                      0.671     9.838 r  u_verify/u_uh/u_dec/r0_tmp2__91_carry__0/CO[3]
                         net (fo=1, unplaced)         0.000     9.838    u_verify/u_uh/u_dec/r0_tmp2__91_carry__0_n_0
                         CARRY4 (Prop_carry4_CI_CO[2])
                                                      0.252    10.090 r  u_verify/u_uh/u_dec/r0_tmp2__91_carry__1/CO[2]
                         net (fo=45, unplaced)        0.532    10.622    u_verify/u_uh/u_dec/r0_tmp2__91_carry__1_n_1
                         LUT3 (Prop_lut3_I1_O)        0.302    10.924 r  u_verify/u_uh/u_dec/r0_m0_carry_i_9/O
                         net (fo=1, unplaced)         0.902    11.826    u_verify/u_uh/u_dec/r0_tmp2[12]
                         LUT6 (Prop_lut6_I0_O)        0.124    11.950 f  u_verify/u_uh/u_dec/r0_m0_carry_i_4/O
                         net (fo=1, unplaced)         0.419    12.369    u_verify/u_uh/u_dec/r0_m0_carry_i_4_n_0
                         LUT6 (Prop_lut6_I1_O)        0.124    12.493 r  u_verify/u_uh/u_dec/r0_m0_carry_i_2/O
                         net (fo=38, unplaced)        0.524    13.017    u_verify/u_uh/u_dec/r0_tmp1
                         LUT6 (Prop_lut6_I1_O)        0.124    13.141 r  u_verify/u_uh/u_dec/r10__54_carry_i_18/O
                         net (fo=1, unplaced)         0.000    13.141    u_verify/u_uh/u_dec/r10__54_carry_i_18_n_0
                         CARRY4 (Prop_carry4_S[1]_CO[3])
                                                      0.533    13.674 r  u_verify/u_uh/u_dec/r10__54_carry_i_10/CO[3]
                         net (fo=1, unplaced)         0.000    13.674    u_verify/u_uh/u_dec/r10__54_carry_i_10_n_0
                         CARRY4 (Prop_carry4_CI_CO[3])
                                                      0.117    13.791 r  u_verify/u_uh/u_dec/r10__54_carry_i_9/CO[3]
                         net (fo=1, unplaced)         0.000    13.791    u_verify/u_uh/u_dec/r10__54_carry_i_9_n_0
                         CARRY4 (Prop_carry4_CI_CO[3])
                                                      0.117    13.908 r  u_verify/u_uh/u_dec/r10_carry_i_9/CO[3]
                         net (fo=1, unplaced)         0.000    13.908    u_verify/u_uh/u_dec/r10_carry_i_9_n_0
                         CARRY4 (Prop_carry4_CI_O[1])
                                                      0.337    14.245 r  u_verify/u_uh/u_dec/r10_carry__1_i_1/O[1]
                         net (fo=31, unplaced)        0.681    14.926    u_verify/u_uh/u_dec/sel0[21]
                         LUT3 (Prop_lut3_I0_O)        0.332    15.258 r  u_verify/u_uh/u_dec/r10_carry_i_3/O
                         net (fo=1, unplaced)         0.000    15.258    u_verify/u_uh/u_dec/r10_carry_i_3_n_0
                         CARRY4 (Prop_carry4_DI[1]_CO[3])
                                                      0.547    15.805 r  u_verify/u_uh/u_dec/r10_carry/CO[3]
                         net (fo=1, unplaced)         0.009    15.814    u_verify/u_uh/u_dec/r10_carry_n_0
                         CARRY4 (Prop_carry4_CI_O[1])
                                                      0.337    16.151 r  u_verify/u_uh/u_dec/r10_carry__0/O[1]
                         net (fo=5, unplaced)         0.639    16.790    u_verify/u_uh/u_dec/r10_carry__0_n_6
                         LUT5 (Prop_lut5_I1_O)        0.306    17.096 r  u_verify/u_uh/u_dec/r10__23_carry_i_5/O
                         net (fo=1, unplaced)         0.000    17.096    u_verify/u_uh/u_dec/r10__23_carry_i_5_n_0
                         CARRY4 (Prop_carry4_S[3]_CO[3])
                                                      0.376    17.472 r  u_verify/u_uh/u_dec/r10__23_carry/CO[3]
                         net (fo=1, unplaced)         0.009    17.481    u_verify/u_uh/u_dec/r10__23_carry_n_0
                         CARRY4 (Prop_carry4_CI_O[1])
                                                      0.337    17.818 r  u_verify/u_uh/u_dec/r10__23_carry__0/O[1]
                         net (fo=3, unplaced)         0.629    18.447    u_verify/u_uh/u_dec/r10__23_carry__0_n_6
                         LUT4 (Prop_lut4_I1_O)        0.306    18.753 r  u_verify/u_uh/u_dec/r10__54_carry__1_i_7/O
                         net (fo=1, unplaced)         0.000    18.753    u_verify/u_uh/u_dec/r10__54_carry__1_i_7_n_0
                         CARRY4 (Prop_carry4_S[1]_CO[3])
                                                      0.533    19.286 r  u_verify/u_uh/u_dec/r10__54_carry__1/CO[3]
                         net (fo=1, unplaced)         0.000    19.286    u_verify/u_uh/u_dec/r10__54_carry__1_n_0
                         CARRY4 (Prop_carry4_CI_CO[1])
                                                      0.179    19.465 r  u_verify/u_uh/u_dec/r10__54_carry__2/CO[1]
                         net (fo=5, unplaced)         0.340    19.805    u_verify/u_uh/u_dec/r10__54_carry__2_n_2
                         LUT3 (Prop_lut3_I0_O)        0.324    20.129 r  u_verify/u_uh/u_dec/w1_lane_data[59]_i_13/O
                         net (fo=6, unplaced)         0.481    20.610    u_verify/u_uh/u_dec/w1_lane_data[59]_i_13_n_0
                         LUT6 (Prop_lut6_I4_O)        0.124    20.734 f  u_verify/u_uh/u_dec/w1_lane_data[57]_i_7/O
                         net (fo=1, unplaced)         0.902    21.636    u_verify/u_uh/u_dec/r1__38[4]
                         LUT6 (Prop_lut6_I1_O)        0.124    21.760 r  u_verify/u_uh/u_dec/w1_lane_data[57]_i_3/O
                         net (fo=2, unplaced)         0.460    22.220    u_verify/u_uh/u_dec/w1_lane_data[57]_i_3_n_0
                         LUT5 (Prop_lut5_I2_O)        0.124    22.344 r  u_verify/u_uh/u_dec/w1_lane_data[56]_i_2/O
                         net (fo=2, unplaced)         0.460    22.804    u_verify/u_uh/u_dec/uh_out[0]
                         LUT2 (Prop_lut2_I1_O)        0.124    22.928 r  u_verify/u_uh/u_dec/w1_lane_data[56]_i_1/O
                         net (fo=15, unplaced)        0.000    22.928    u_verify/u_uh_n_7
                         FDRE                                         r  u_verify/w1_lane_data_reg[16]/D
  -------------------------------------------------------------------    -------------------

                         (clock clk rise edge)       25.000    25.000 r  
                                                      0.000    25.000 r  clk (IN)
                         net (fo=27252, unset)        0.924    25.924    u_verify/clk
                         FDRE                                         r  u_verify/w1_lane_data_reg[16]/C
                         clock pessimism              0.000    25.924    
                         clock uncertainty           -0.235    25.689    
                         FDRE (Setup_fdre_C_D)        0.077    25.766    u_verify/w1_lane_data_reg[16]
  -------------------------------------------------------------------
                         required time                         25.766    
                         arrival time                         -22.928    
  -------------------------------------------------------------------
                         slack                                  2.838    

Slack (MET) :             2.838ns  (required time - arrival time)
  Source:                 u_verify/spad_reg_3_2/CLKBWRCLK
                            (rising edge-triggered cell RAMB36E1 clocked by clk  {rise@0.000ns fall@12.500ns period=25.000ns})
  Destination:            u_verify/w1_lane_data_reg[20]/D
                            (rising edge-triggered cell FDRE clocked by clk  {rise@0.000ns fall@12.500ns period=25.000ns})
  Path Group:             clk
  Path Type:              Setup (Max at Slow Process Corner)
  Requirement:            25.000ns  (clk rise@25.000ns - clk rise@0.000ns)
  Data Path Delay:        21.955ns  (logic 11.899ns (54.198%)  route 10.056ns (45.802%))
  Logic Levels:           31  (CARRY4=16 LUT2=3 LUT3=4 LUT4=1 LUT5=2 LUT6=5)
  Clock Path Skew:        -0.049ns (DCD - SCD + CPR)
    Destination Clock Delay (DCD):    0.924ns = ( 25.924 - 25.000 ) 
    Source Clock Delay      (SCD):    0.973ns
    Clock Pessimism Removal (CPR):    0.000ns
  Clock Uncertainty:      0.235ns  ((TSJ^2 + TIJ^2)^1/2 + DJ) / 2 + PE + UU
    Total System Jitter     (TSJ):    0.071ns
    Total Input Jitter      (TIJ):    0.000ns
    Discrete Jitter          (DJ):    0.000ns
    Phase Error              (PE):    0.000ns
    User Uncertainty         (UU):    0.200ns

    Location             Delay type                Incr(ns)  Path(ns)    Netlist Resource(s)
  -------------------------------------------------------------------    -------------------
                         (clock clk rise edge)        0.000     0.000 r  
                                                      0.000     0.000 r  clk (IN)
                         net (fo=27252, unset)        0.973     0.973    u_verify/clk
                         RAMB36E1                                     r  u_verify/spad_reg_3_2/CLKBWRCLK
  -------------------------------------------------------------------    -------------------
                         RAMB36E1 (Prop_ramb36e1_CLKBWRCLK_DOBDO[1])
                                                      2.454     3.427 r  u_verify/spad_reg_3_2/DOBDO[1]
                         net (fo=29, unplaced)        0.800     4.227    u_verify/u_uh/u_dec/sp_rd_data[19]
                         LUT2 (Prop_lut2_I0_O)        0.150     4.377 r  u_verify/u_uh/u_dec/r0_tmp2_carry_i_3/O
                         net (fo=1, unplaced)         0.000     4.377    u_verify/u_uh/u_dec/r0_tmp2_carry_i_3_n_0
                         CARRY4 (Prop_carry4_DI[1]_O[3])
                                                      0.656     5.033 r  u_verify/u_uh/u_dec/r0_tmp2_carry/O[3]
                         net (fo=3, unplaced)         0.636     5.669    u_verify/u_uh/u_dec/r0_tmp2_carry_n_4
                         LUT3 (Prop_lut3_I1_O)        0.307     5.976 r  u_verify/u_uh/u_dec/r0_tmp2__21_carry_i_6/O
                         net (fo=1, unplaced)         0.000     5.976    u_verify/u_uh/u_dec/r0_tmp2__21_carry_i_6_n_0
                         CARRY4 (Prop_carry4_S[1]_O[3])
                                                      0.643     6.619 r  u_verify/u_uh/u_dec/r0_tmp2__21_carry/O[3]
                         net (fo=1, unplaced)         0.618     7.237    u_verify/u_uh/u_dec/r0_tmp2__21_carry_n_4
                         LUT2 (Prop_lut2_I1_O)        0.307     7.544 r  u_verify/u_uh/u_dec/r0_tmp2__42_carry__2_i_1/O
                         net (fo=1, unplaced)         0.000     7.544    u_verify/u_uh/u_dec/r0_tmp2__42_carry__2_i_1_n_0
                         CARRY4 (Prop_carry4_S[3]_CO[3])
                                                      0.376     7.920 r  u_verify/u_uh/u_dec/r0_tmp2__42_carry__2/CO[3]
                         net (fo=1, unplaced)         0.000     7.920    u_verify/u_uh/u_dec/r0_tmp2__42_carry__2_n_0
                         CARRY4 (Prop_carry4_CI_O[0])
                                                      0.232     8.152 r  u_verify/u_uh/u_dec/r0_tmp2__42_carry__3/O[0]
                         net (fo=6, unplaced)         1.015     9.167    u_verify/u_uh/u_dec/r0_tmp2__42_carry__3_n_7
                         CARRY4 (Prop_carry4_S[3]_CO[3])
                                                      0.671     9.838 r  u_verify/u_uh/u_dec/r0_tmp2__91_carry__0/CO[3]
                         net (fo=1, unplaced)         0.000     9.838    u_verify/u_uh/u_dec/r0_tmp2__91_carry__0_n_0
                         CARRY4 (Prop_carry4_CI_CO[2])
                                                      0.252    10.090 r  u_verify/u_uh/u_dec/r0_tmp2__91_carry__1/CO[2]
                         net (fo=45, unplaced)        0.532    10.622    u_verify/u_uh/u_dec/r0_tmp2__91_carry__1_n_1
                         LUT3 (Prop_lut3_I1_O)        0.302    10.924 r  u_verify/u_uh/u_dec/r0_m0_carry_i_9/O
                         net (fo=1, unplaced)         0.902    11.826    u_verify/u_uh/u_dec/r0_tmp2[12]
                         LUT6 (Prop_lut6_I0_O)        0.124    11.950 f  u_verify/u_uh/u_dec/r0_m0_carry_i_4/O
                         net (fo=1, unplaced)         0.419    12.369    u_verify/u_uh/u_dec/r0_m0_carry_i_4_n_0
                         LUT6 (Prop_lut6_I1_O)        0.124    12.493 r  u_verify/u_uh/u_dec/r0_m0_carry_i_2/O
                         net (fo=38, unplaced)        0.524    13.017    u_verify/u_uh/u_dec/r0_tmp1
                         LUT6 (Prop_lut6_I1_O)        0.124    13.141 r  u_verify/u_uh/u_dec/r10__54_carry_i_18/O
                         net (fo=1, unplaced)         0.000    13.141    u_verify/u_uh/u_dec/r10__54_carry_i_18_n_0
                         CARRY4 (Prop_carry4_S[1]_CO[3])
                                                      0.533    13.674 r  u_verify/u_uh/u_dec/r10__54_carry_i_10/CO[3]
                         net (fo=1, unplaced)         0.000    13.674    u_verify/u_uh/u_dec/r10__54_carry_i_10_n_0
                         CARRY4 (Prop_carry4_CI_CO[3])
                                                      0.117    13.791 r  u_verify/u_uh/u_dec/r10__54_carry_i_9/CO[3]
                         net (fo=1, unplaced)         0.000    13.791    u_verify/u_uh/u_dec/r10__54_carry_i_9_n_0
                         CARRY4 (Prop_carry4_CI_CO[3])
                                                      0.117    13.908 r  u_verify/u_uh/u_dec/r10_carry_i_9/CO[3]
                         net (fo=1, unplaced)         0.000    13.908    u_verify/u_uh/u_dec/r10_carry_i_9_n_0
                         CARRY4 (Prop_carry4_CI_O[1])
                                                      0.337    14.245 r  u_verify/u_uh/u_dec/r10_carry__1_i_1/O[1]
                         net (fo=31, unplaced)        0.681    14.926    u_verify/u_uh/u_dec/sel0[21]
                         LUT3 (Prop_lut3_I0_O)        0.332    15.258 r  u_verify/u_uh/u_dec/r10_carry_i_3/O
                         net (fo=1, unplaced)         0.000    15.258    u_verify/u_uh/u_dec/r10_carry_i_3_n_0
                         CARRY4 (Prop_carry4_DI[1]_CO[3])
                                                      0.547    15.805 r  u_verify/u_uh/u_dec/r10_carry/CO[3]
                         net (fo=1, unplaced)         0.009    15.814    u_verify/u_uh/u_dec/r10_carry_n_0
                         CARRY4 (Prop_carry4_CI_O[1])
                                                      0.337    16.151 r  u_verify/u_uh/u_dec/r10_carry__0/O[1]
                         net (fo=5, unplaced)         0.639    16.790    u_verify/u_uh/u_dec/r10_carry__0_n_6
                         LUT5 (Prop_lut5_I1_O)        0.306    17.096 r  u_verify/u_uh/u_dec/r10__23_carry_i_5/O
                         net (fo=1, unplaced)         0.000    17.096    u_verify/u_uh/u_dec/r10__23_carry_i_5_n_0
                         CARRY4 (Prop_carry4_S[3]_CO[3])
                                                      0.376    17.472 r  u_verify/u_uh/u_dec/r10__23_carry/CO[3]
                         net (fo=1, unplaced)         0.009    17.481    u_verify/u_uh/u_dec/r10__23_carry_n_0
                         CARRY4 (Prop_carry4_CI_O[1])
                                                      0.337    17.818 r  u_verify/u_uh/u_dec/r10__23_carry__0/O[1]
                         net (fo=3, unplaced)         0.629    18.447    u_verify/u_uh/u_dec/r10__23_carry__0_n_6
                         LUT4 (Prop_lut4_I1_O)        0.306    18.753 r  u_verify/u_uh/u_dec/r10__54_carry__1_i_7/O
                         net (fo=1, unplaced)         0.000    18.753    u_verify/u_uh/u_dec/r10__54_carry__1_i_7_n_0
                         CARRY4 (Prop_carry4_S[1]_CO[3])
                                                      0.533    19.286 r  u_verify/u_uh/u_dec/r10__54_carry__1/CO[3]
                         net (fo=1, unplaced)         0.000    19.286    u_verify/u_uh/u_dec/r10__54_carry__1_n_0
                         CARRY4 (Prop_carry4_CI_CO[1])
                                                      0.179    19.465 r  u_verify/u_uh/u_dec/r10__54_carry__2/CO[1]
                         net (fo=5, unplaced)         0.340    19.805    u_verify/u_uh/u_dec/r10__54_carry__2_n_2
                         LUT3 (Prop_lut3_I0_O)        0.324    20.129 r  u_verify/u_uh/u_dec/w1_lane_data[59]_i_13/O
                         net (fo=6, unplaced)         0.481    20.610    u_verify/u_uh/u_dec/w1_lane_data[59]_i_13_n_0
                         LUT6 (Prop_lut6_I4_O)        0.124    20.734 f  u_verify/u_uh/u_dec/w1_lane_data[57]_i_7/O
                         net (fo=1, unplaced)         0.902    21.636    u_verify/u_uh/u_dec/r1__38[4]
                         LUT6 (Prop_lut6_I1_O)        0.124    21.760 r  u_verify/u_uh/u_dec/w1_lane_data[57]_i_3/O
                         net (fo=2, unplaced)         0.460    22.220    u_verify/u_uh/u_dec/w1_lane_data[57]_i_3_n_0
                         LUT5 (Prop_lut5_I2_O)        0.124    22.344 r  u_verify/u_uh/u_dec/w1_lane_data[56]_i_2/O
                         net (fo=2, unplaced)         0.460    22.804    u_verify/u_uh/u_dec/uh_out[0]
                         LUT2 (Prop_lut2_I1_O)        0.124    22.928 r  u_verify/u_uh/u_dec/w1_lane_data[56]_i_1/O
                         net (fo=15, unplaced)        0.000    22.928    u_verify/u_uh_n_7
                         FDRE                                         r  u_verify/w1_lane_data_reg[20]/D
  -------------------------------------------------------------------    -------------------

                         (clock clk rise edge)       25.000    25.000 r  
                                                      0.000    25.000 r  clk (IN)
                         net (fo=27252, unset)        0.924    25.924    u_verify/clk
                         FDRE                                         r  u_verify/w1_lane_data_reg[20]/C
                         clock pessimism              0.000    25.924    
                         clock uncertainty           -0.235    25.689    
                         FDRE (Setup_fdre_C_D)        0.077    25.766    u_verify/w1_lane_data_reg[20]
  -------------------------------------------------------------------
                         required time                         25.766    
                         arrival time                         -22.928    
  -------------------------------------------------------------------
                         slack                                  2.838    

Slack (MET) :             2.838ns  (required time - arrival time)
  Source:                 u_verify/spad_reg_3_2/CLKBWRCLK
                            (rising edge-triggered cell RAMB36E1 clocked by clk  {rise@0.000ns fall@12.500ns period=25.000ns})
  Destination:            u_verify/w1_lane_data_reg[24]/D
                            (rising edge-triggered cell FDRE clocked by clk  {rise@0.000ns fall@12.500ns period=25.000ns})
  Path Group:             clk
  Path Type:              Setup (Max at Slow Process Corner)
  Requirement:            25.000ns  (clk rise@25.000ns - clk rise@0.000ns)
  Data Path Delay:        21.955ns  (logic 11.899ns (54.198%)  route 10.056ns (45.802%))
  Logic Levels:           31  (CARRY4=16 LUT2=3 LUT3=4 LUT4=1 LUT5=2 LUT6=5)
  Clock Path Skew:        -0.049ns (DCD - SCD + CPR)
    Destination Clock Delay (DCD):    0.924ns = ( 25.924 - 25.000 ) 
    Source Clock Delay      (SCD):    0.973ns
    Clock Pessimism Removal (CPR):    0.000ns
  Clock Uncertainty:      0.235ns  ((TSJ^2 + TIJ^2)^1/2 + DJ) / 2 + PE + UU
    Total System Jitter     (TSJ):    0.071ns
    Total Input Jitter      (TIJ):    0.000ns
    Discrete Jitter          (DJ):    0.000ns
    Phase Error              (PE):    0.000ns
    User Uncertainty         (UU):    0.200ns

    Location             Delay type                Incr(ns)  Path(ns)    Netlist Resource(s)
  -------------------------------------------------------------------    -------------------
                         (clock clk rise edge)        0.000     0.000 r  
                                                      0.000     0.000 r  clk (IN)
                         net (fo=27252, unset)        0.973     0.973    u_verify/clk
                         RAMB36E1                                     r  u_verify/spad_reg_3_2/CLKBWRCLK
  -------------------------------------------------------------------    -------------------
                         RAMB36E1 (Prop_ramb36e1_CLKBWRCLK_DOBDO[1])
                                                      2.454     3.427 r  u_verify/spad_reg_3_2/DOBDO[1]
                         net (fo=29, unplaced)        0.800     4.227    u_verify/u_uh/u_dec/sp_rd_data[19]
                         LUT2 (Prop_lut2_I0_O)        0.150     4.377 r  u_verify/u_uh/u_dec/r0_tmp2_carry_i_3/O
                         net (fo=1, unplaced)         0.000     4.377    u_verify/u_uh/u_dec/r0_tmp2_carry_i_3_n_0
                         CARRY4 (Prop_carry4_DI[1]_O[3])
                                                      0.656     5.033 r  u_verify/u_uh/u_dec/r0_tmp2_carry/O[3]
                         net (fo=3, unplaced)         0.636     5.669    u_verify/u_uh/u_dec/r0_tmp2_carry_n_4
                         LUT3 (Prop_lut3_I1_O)        0.307     5.976 r  u_verify/u_uh/u_dec/r0_tmp2__21_carry_i_6/O
                         net (fo=1, unplaced)         0.000     5.976    u_verify/u_uh/u_dec/r0_tmp2__21_carry_i_6_n_0
                         CARRY4 (Prop_carry4_S[1]_O[3])
                                                      0.643     6.619 r  u_verify/u_uh/u_dec/r0_tmp2__21_carry/O[3]
                         net (fo=1, unplaced)         0.618     7.237    u_verify/u_uh/u_dec/r0_tmp2__21_carry_n_4
                         LUT2 (Prop_lut2_I1_O)        0.307     7.544 r  u_verify/u_uh/u_dec/r0_tmp2__42_carry__2_i_1/O
                         net (fo=1, unplaced)         0.000     7.544    u_verify/u_uh/u_dec/r0_tmp2__42_carry__2_i_1_n_0
                         CARRY4 (Prop_carry4_S[3]_CO[3])
                                                      0.376     7.920 r  u_verify/u_uh/u_dec/r0_tmp2__42_carry__2/CO[3]
                         net (fo=1, unplaced)         0.000     7.920    u_verify/u_uh/u_dec/r0_tmp2__42_carry__2_n_0
                         CARRY4 (Prop_carry4_CI_O[0])
                                                      0.232     8.152 r  u_verify/u_uh/u_dec/r0_tmp2__42_carry__3/O[0]
                         net (fo=6, unplaced)         1.015     9.167    u_verify/u_uh/u_dec/r0_tmp2__42_carry__3_n_7
                         CARRY4 (Prop_carry4_S[3]_CO[3])
                                                      0.671     9.838 r  u_verify/u_uh/u_dec/r0_tmp2__91_carry__0/CO[3]
                         net (fo=1, unplaced)         0.000     9.838    u_verify/u_uh/u_dec/r0_tmp2__91_carry__0_n_0
                         CARRY4 (Prop_carry4_CI_CO[2])
                                                      0.252    10.090 r  u_verify/u_uh/u_dec/r0_tmp2__91_carry__1/CO[2]
                         net (fo=45, unplaced)        0.532    10.622    u_verify/u_uh/u_dec/r0_tmp2__91_carry__1_n_1
                         LUT3 (Prop_lut3_I1_O)        0.302    10.924 r  u_verify/u_uh/u_dec/r0_m0_carry_i_9/O
                         net (fo=1, unplaced)         0.902    11.826    u_verify/u_uh/u_dec/r0_tmp2[12]
                         LUT6 (Prop_lut6_I0_O)        0.124    11.950 f  u_verify/u_uh/u_dec/r0_m0_carry_i_4/O
                         net (fo=1, unplaced)         0.419    12.369    u_verify/u_uh/u_dec/r0_m0_carry_i_4_n_0
                         LUT6 (Prop_lut6_I1_O)        0.124    12.493 r  u_verify/u_uh/u_dec/r0_m0_carry_i_2/O
                         net (fo=38, unplaced)        0.524    13.017    u_verify/u_uh/u_dec/r0_tmp1
                         LUT6 (Prop_lut6_I1_O)        0.124    13.141 r  u_verify/u_uh/u_dec/r10__54_carry_i_18/O
                         net (fo=1, unplaced)         0.000    13.141    u_verify/u_uh/u_dec/r10__54_carry_i_18_n_0
                         CARRY4 (Prop_carry4_S[1]_CO[3])
                                                      0.533    13.674 r  u_verify/u_uh/u_dec/r10__54_carry_i_10/CO[3]
                         net (fo=1, unplaced)         0.000    13.674    u_verify/u_uh/u_dec/r10__54_carry_i_10_n_0
                         CARRY4 (Prop_carry4_CI_CO[3])
                                                      0.117    13.791 r  u_verify/u_uh/u_dec/r10__54_carry_i_9/CO[3]
                         net (fo=1, unplaced)         0.000    13.791    u_verify/u_uh/u_dec/r10__54_carry_i_9_n_0
                         CARRY4 (Prop_carry4_CI_CO[3])
                                                      0.117    13.908 r  u_verify/u_uh/u_dec/r10_carry_i_9/CO[3]
                         net (fo=1, unplaced)         0.000    13.908    u_verify/u_uh/u_dec/r10_carry_i_9_n_0
                         CARRY4 (Prop_carry4_CI_O[1])
                                                      0.337    14.245 r  u_verify/u_uh/u_dec/r10_carry__1_i_1/O[1]
                         net (fo=31, unplaced)        0.681    14.926    u_verify/u_uh/u_dec/sel0[21]
                         LUT3 (Prop_lut3_I0_O)        0.332    15.258 r  u_verify/u_uh/u_dec/r10_carry_i_3/O
                         net (fo=1, unplaced)         0.000    15.258    u_verify/u_uh/u_dec/r10_carry_i_3_n_0
                         CARRY4 (Prop_carry4_DI[1]_CO[3])
                                                      0.547    15.805 r  u_verify/u_uh/u_dec/r10_carry/CO[3]
                         net (fo=1, unplaced)         0.009    15.814    u_verify/u_uh/u_dec/r10_carry_n_0
                         CARRY4 (Prop_carry4_CI_O[1])
                                                      0.337    16.151 r  u_verify/u_uh/u_dec/r10_carry__0/O[1]
                         net (fo=5, unplaced)         0.639    16.790    u_verify/u_uh/u_dec/r10_carry__0_n_6
                         LUT5 (Prop_lut5_I1_O)        0.306    17.096 r  u_verify/u_uh/u_dec/r10__23_carry_i_5/O
                         net (fo=1, unplaced)         0.000    17.096    u_verify/u_uh/u_dec/r10__23_carry_i_5_n_0
                         CARRY4 (Prop_carry4_S[3]_CO[3])
                                                      0.376    17.472 r  u_verify/u_uh/u_dec/r10__23_carry/CO[3]
                         net (fo=1, unplaced)         0.009    17.481    u_verify/u_uh/u_dec/r10__23_carry_n_0
                         CARRY4 (Prop_carry4_CI_O[1])
                                                      0.337    17.818 r  u_verify/u_uh/u_dec/r10__23_carry__0/O[1]
                         net (fo=3, unplaced)         0.629    18.447    u_verify/u_uh/u_dec/r10__23_carry__0_n_6
                         LUT4 (Prop_lut4_I1_O)        0.306    18.753 r  u_verify/u_uh/u_dec/r10__54_carry__1_i_7/O
                         net (fo=1, unplaced)         0.000    18.753    u_verify/u_uh/u_dec/r10__54_carry__1_i_7_n_0
                         CARRY4 (Prop_carry4_S[1]_CO[3])
                                                      0.533    19.286 r  u_verify/u_uh/u_dec/r10__54_carry__1/CO[3]
                         net (fo=1, unplaced)         0.000    19.286    u_verify/u_uh/u_dec/r10__54_carry__1_n_0
                         CARRY4 (Prop_carry4_CI_CO[1])
                                                      0.179    19.465 r  u_verify/u_uh/u_dec/r10__54_carry__2/CO[1]
                         net (fo=5, unplaced)         0.340    19.805    u_verify/u_uh/u_dec/r10__54_carry__2_n_2
                         LUT3 (Prop_lut3_I0_O)        0.324    20.129 r  u_verify/u_uh/u_dec/w1_lane_data[59]_i_13/O
                         net (fo=6, unplaced)         0.481    20.610    u_verify/u_uh/u_dec/w1_lane_data[59]_i_13_n_0
                         LUT6 (Prop_lut6_I4_O)        0.124    20.734 f  u_verify/u_uh/u_dec/w1_lane_data[57]_i_7/O
                         net (fo=1, unplaced)         0.902    21.636    u_verify/u_uh/u_dec/r1__38[4]
                         LUT6 (Prop_lut6_I1_O)        0.124    21.760 r  u_verify/u_uh/u_dec/w1_lane_data[57]_i_3/O
                         net (fo=2, unplaced)         0.460    22.220    u_verify/u_uh/u_dec/w1_lane_data[57]_i_3_n_0
                         LUT5 (Prop_lut5_I2_O)        0.124    22.344 r  u_verify/u_uh/u_dec/w1_lane_data[56]_i_2/O
                         net (fo=2, unplaced)         0.460    22.804    u_verify/u_uh/u_dec/uh_out[0]
                         LUT2 (Prop_lut2_I1_O)        0.124    22.928 r  u_verify/u_uh/u_dec/w1_lane_data[56]_i_1/O
                         net (fo=15, unplaced)        0.000    22.928    u_verify/u_uh_n_7
                         FDRE                                         r  u_verify/w1_lane_data_reg[24]/D
  -------------------------------------------------------------------    -------------------

                         (clock clk rise edge)       25.000    25.000 r  
                                                      0.000    25.000 r  clk (IN)
                         net (fo=27252, unset)        0.924    25.924    u_verify/clk
                         FDRE                                         r  u_verify/w1_lane_data_reg[24]/C
                         clock pessimism              0.000    25.924    
                         clock uncertainty           -0.235    25.689    
                         FDRE (Setup_fdre_C_D)        0.077    25.766    u_verify/w1_lane_data_reg[24]
  -------------------------------------------------------------------
                         required time                         25.766    
                         arrival time                         -22.928    
  -------------------------------------------------------------------
                         slack                                  2.838    

Slack (MET) :             2.838ns  (required time - arrival time)
  Source:                 u_verify/spad_reg_3_2/CLKBWRCLK
                            (rising edge-triggered cell RAMB36E1 clocked by clk  {rise@0.000ns fall@12.500ns period=25.000ns})
  Destination:            u_verify/w1_lane_data_reg[28]/D
                            (rising edge-triggered cell FDRE clocked by clk  {rise@0.000ns fall@12.500ns period=25.000ns})
  Path Group:             clk
  Path Type:              Setup (Max at Slow Process Corner)
  Requirement:            25.000ns  (clk rise@25.000ns - clk rise@0.000ns)
  Data Path Delay:        21.955ns  (logic 11.899ns (54.198%)  route 10.056ns (45.802%))
  Logic Levels:           31  (CARRY4=16 LUT2=3 LUT3=4 LUT4=1 LUT5=2 LUT6=5)
  Clock Path Skew:        -0.049ns (DCD - SCD + CPR)
    Destination Clock Delay (DCD):    0.924ns = ( 25.924 - 25.000 ) 
    Source Clock Delay      (SCD):    0.973ns
    Clock Pessimism Removal (CPR):    0.000ns
  Clock Uncertainty:      0.235ns  ((TSJ^2 + TIJ^2)^1/2 + DJ) / 2 + PE + UU
    Total System Jitter     (TSJ):    0.071ns
    Total Input Jitter      (TIJ):    0.000ns
    Discrete Jitter          (DJ):    0.000ns
    Phase Error              (PE):    0.000ns
    User Uncertainty         (UU):    0.200ns

    Location             Delay type                Incr(ns)  Path(ns)    Netlist Resource(s)
  -------------------------------------------------------------------    -------------------
                         (clock clk rise edge)        0.000     0.000 r  
                                                      0.000     0.000 r  clk (IN)
                         net (fo=27252, unset)        0.973     0.973    u_verify/clk
                         RAMB36E1                                     r  u_verify/spad_reg_3_2/CLKBWRCLK
  -------------------------------------------------------------------    -------------------
                         RAMB36E1 (Prop_ramb36e1_CLKBWRCLK_DOBDO[1])
                                                      2.454     3.427 r  u_verify/spad_reg_3_2/DOBDO[1]
                         net (fo=29, unplaced)        0.800     4.227    u_verify/u_uh/u_dec/sp_rd_data[19]
                         LUT2 (Prop_lut2_I0_O)        0.150     4.377 r  u_verify/u_uh/u_dec/r0_tmp2_carry_i_3/O
                         net (fo=1, unplaced)         0.000     4.377    u_verify/u_uh/u_dec/r0_tmp2_carry_i_3_n_0
                         CARRY4 (Prop_carry4_DI[1]_O[3])
                                                      0.656     5.033 r  u_verify/u_uh/u_dec/r0_tmp2_carry/O[3]
                         net (fo=3, unplaced)         0.636     5.669    u_verify/u_uh/u_dec/r0_tmp2_carry_n_4
                         LUT3 (Prop_lut3_I1_O)        0.307     5.976 r  u_verify/u_uh/u_dec/r0_tmp2__21_carry_i_6/O
                         net (fo=1, unplaced)         0.000     5.976    u_verify/u_uh/u_dec/r0_tmp2__21_carry_i_6_n_0
                         CARRY4 (Prop_carry4_S[1]_O[3])
                                                      0.643     6.619 r  u_verify/u_uh/u_dec/r0_tmp2__21_carry/O[3]
                         net (fo=1, unplaced)         0.618     7.237    u_verify/u_uh/u_dec/r0_tmp2__21_carry_n_4
                         LUT2 (Prop_lut2_I1_O)        0.307     7.544 r  u_verify/u_uh/u_dec/r0_tmp2__42_carry__2_i_1/O
                         net (fo=1, unplaced)         0.000     7.544    u_verify/u_uh/u_dec/r0_tmp2__42_carry__2_i_1_n_0
                         CARRY4 (Prop_carry4_S[3]_CO[3])
                                                      0.376     7.920 r  u_verify/u_uh/u_dec/r0_tmp2__42_carry__2/CO[3]
                         net (fo=1, unplaced)         0.000     7.920    u_verify/u_uh/u_dec/r0_tmp2__42_carry__2_n_0
                         CARRY4 (Prop_carry4_CI_O[0])
                                                      0.232     8.152 r  u_verify/u_uh/u_dec/r0_tmp2__42_carry__3/O[0]
                         net (fo=6, unplaced)         1.015     9.167    u_verify/u_uh/u_dec/r0_tmp2__42_carry__3_n_7
                         CARRY4 (Prop_carry4_S[3]_CO[3])
                                                      0.671     9.838 r  u_verify/u_uh/u_dec/r0_tmp2__91_carry__0/CO[3]
                         net (fo=1, unplaced)         0.000     9.838    u_verify/u_uh/u_dec/r0_tmp2__91_carry__0_n_0
                         CARRY4 (Prop_carry4_CI_CO[2])
                                                      0.252    10.090 r  u_verify/u_uh/u_dec/r0_tmp2__91_carry__1/CO[2]
                         net (fo=45, unplaced)        0.532    10.622    u_verify/u_uh/u_dec/r0_tmp2__91_carry__1_n_1
                         LUT3 (Prop_lut3_I1_O)        0.302    10.924 r  u_verify/u_uh/u_dec/r0_m0_carry_i_9/O
                         net (fo=1, unplaced)         0.902    11.826    u_verify/u_uh/u_dec/r0_tmp2[12]
                         LUT6 (Prop_lut6_I0_O)        0.124    11.950 f  u_verify/u_uh/u_dec/r0_m0_carry_i_4/O
                         net (fo=1, unplaced)         0.419    12.369    u_verify/u_uh/u_dec/r0_m0_carry_i_4_n_0
                         LUT6 (Prop_lut6_I1_O)        0.124    12.493 r  u_verify/u_uh/u_dec/r0_m0_carry_i_2/O
                         net (fo=38, unplaced)        0.524    13.017    u_verify/u_uh/u_dec/r0_tmp1
                         LUT6 (Prop_lut6_I1_O)        0.124    13.141 r  u_verify/u_uh/u_dec/r10__54_carry_i_18/O
                         net (fo=1, unplaced)         0.000    13.141    u_verify/u_uh/u_dec/r10__54_carry_i_18_n_0
                         CARRY4 (Prop_carry4_S[1]_CO[3])
                                                      0.533    13.674 r  u_verify/u_uh/u_dec/r10__54_carry_i_10/CO[3]
                         net (fo=1, unplaced)         0.000    13.674    u_verify/u_uh/u_dec/r10__54_carry_i_10_n_0
                         CARRY4 (Prop_carry4_CI_CO[3])
                                                      0.117    13.791 r  u_verify/u_uh/u_dec/r10__54_carry_i_9/CO[3]
                         net (fo=1, unplaced)         0.000    13.791    u_verify/u_uh/u_dec/r10__54_carry_i_9_n_0
                         CARRY4 (Prop_carry4_CI_CO[3])
                                                      0.117    13.908 r  u_verify/u_uh/u_dec/r10_carry_i_9/CO[3]
                         net (fo=1, unplaced)         0.000    13.908    u_verify/u_uh/u_dec/r10_carry_i_9_n_0
                         CARRY4 (Prop_carry4_CI_O[1])
                                                      0.337    14.245 r  u_verify/u_uh/u_dec/r10_carry__1_i_1/O[1]
                         net (fo=31, unplaced)        0.681    14.926    u_verify/u_uh/u_dec/sel0[21]
                         LUT3 (Prop_lut3_I0_O)        0.332    15.258 r  u_verify/u_uh/u_dec/r10_carry_i_3/O
                         net (fo=1, unplaced)         0.000    15.258    u_verify/u_uh/u_dec/r10_carry_i_3_n_0
                         CARRY4 (Prop_carry4_DI[1]_CO[3])
                                                      0.547    15.805 r  u_verify/u_uh/u_dec/r10_carry/CO[3]
                         net (fo=1, unplaced)         0.009    15.814    u_verify/u_uh/u_dec/r10_carry_n_0
                         CARRY4 (Prop_carry4_CI_O[1])
                                                      0.337    16.151 r  u_verify/u_uh/u_dec/r10_carry__0/O[1]
                         net (fo=5, unplaced)         0.639    16.790    u_verify/u_uh/u_dec/r10_carry__0_n_6
                         LUT5 (Prop_lut5_I1_O)        0.306    17.096 r  u_verify/u_uh/u_dec/r10__23_carry_i_5/O
                         net (fo=1, unplaced)         0.000    17.096    u_verify/u_uh/u_dec/r10__23_carry_i_5_n_0
                         CARRY4 (Prop_carry4_S[3]_CO[3])
                                                      0.376    17.472 r  u_verify/u_uh/u_dec/r10__23_carry/CO[3]
                         net (fo=1, unplaced)         0.009    17.481    u_verify/u_uh/u_dec/r10__23_carry_n_0
                         CARRY4 (Prop_carry4_CI_O[1])
                                                      0.337    17.818 r  u_verify/u_uh/u_dec/r10__23_carry__0/O[1]
                         net (fo=3, unplaced)         0.629    18.447    u_verify/u_uh/u_dec/r10__23_carry__0_n_6
                         LUT4 (Prop_lut4_I1_O)        0.306    18.753 r  u_verify/u_uh/u_dec/r10__54_carry__1_i_7/O
                         net (fo=1, unplaced)         0.000    18.753    u_verify/u_uh/u_dec/r10__54_carry__1_i_7_n_0
                         CARRY4 (Prop_carry4_S[1]_CO[3])
                                                      0.533    19.286 r  u_verify/u_uh/u_dec/r10__54_carry__1/CO[3]
                         net (fo=1, unplaced)         0.000    19.286    u_verify/u_uh/u_dec/r10__54_carry__1_n_0
                         CARRY4 (Prop_carry4_CI_CO[1])
                                                      0.179    19.465 r  u_verify/u_uh/u_dec/r10__54_carry__2/CO[1]
                         net (fo=5, unplaced)         0.340    19.805    u_verify/u_uh/u_dec/r10__54_carry__2_n_2
                         LUT3 (Prop_lut3_I0_O)        0.324    20.129 r  u_verify/u_uh/u_dec/w1_lane_data[59]_i_13/O
                         net (fo=6, unplaced)         0.481    20.610    u_verify/u_uh/u_dec/w1_lane_data[59]_i_13_n_0
                         LUT6 (Prop_lut6_I4_O)        0.124    20.734 f  u_verify/u_uh/u_dec/w1_lane_data[57]_i_7/O
                         net (fo=1, unplaced)         0.902    21.636    u_verify/u_uh/u_dec/r1__38[4]
                         LUT6 (Prop_lut6_I1_O)        0.124    21.760 r  u_verify/u_uh/u_dec/w1_lane_data[57]_i_3/O
                         net (fo=2, unplaced)         0.460    22.220    u_verify/u_uh/u_dec/w1_lane_data[57]_i_3_n_0
                         LUT5 (Prop_lut5_I2_O)        0.124    22.344 r  u_verify/u_uh/u_dec/w1_lane_data[56]_i_2/O
                         net (fo=2, unplaced)         0.460    22.804    u_verify/u_uh/u_dec/uh_out[0]
                         LUT2 (Prop_lut2_I1_O)        0.124    22.928 r  u_verify/u_uh/u_dec/w1_lane_data[56]_i_1/O
                         net (fo=15, unplaced)        0.000    22.928    u_verify/u_uh_n_7
                         FDRE                                         r  u_verify/w1_lane_data_reg[28]/D
  -------------------------------------------------------------------    -------------------

                         (clock clk rise edge)       25.000    25.000 r  
                                                      0.000    25.000 r  clk (IN)
                         net (fo=27252, unset)        0.924    25.924    u_verify/clk
                         FDRE                                         r  u_verify/w1_lane_data_reg[28]/C
                         clock pessimism              0.000    25.924    
                         clock uncertainty           -0.235    25.689    
                         FDRE (Setup_fdre_C_D)        0.077    25.766    u_verify/w1_lane_data_reg[28]
  -------------------------------------------------------------------
                         required time                         25.766    
                         arrival time                         -22.928    
  -------------------------------------------------------------------
                         slack                                  2.838    

Slack (MET) :             2.838ns  (required time - arrival time)
  Source:                 u_verify/spad_reg_3_2/CLKBWRCLK
                            (rising edge-triggered cell RAMB36E1 clocked by clk  {rise@0.000ns fall@12.500ns period=25.000ns})
  Destination:            u_verify/w1_lane_data_reg[32]/D
                            (rising edge-triggered cell FDRE clocked by clk  {rise@0.000ns fall@12.500ns period=25.000ns})
  Path Group:             clk
  Path Type:              Setup (Max at Slow Process Corner)
  Requirement:            25.000ns  (clk rise@25.000ns - clk rise@0.000ns)
  Data Path Delay:        21.955ns  (logic 11.899ns (54.198%)  route 10.056ns (45.802%))
  Logic Levels:           31  (CARRY4=16 LUT2=3 LUT3=4 LUT4=1 LUT5=2 LUT6=5)
  Clock Path Skew:        -0.049ns (DCD - SCD + CPR)
    Destination Clock Delay (DCD):    0.924ns = ( 25.924 - 25.000 ) 
    Source Clock Delay      (SCD):    0.973ns
    Clock Pessimism Removal (CPR):    0.000ns
  Clock Uncertainty:      0.235ns  ((TSJ^2 + TIJ^2)^1/2 + DJ) / 2 + PE + UU
    Total System Jitter     (TSJ):    0.071ns
    Total Input Jitter      (TIJ):    0.000ns
    Discrete Jitter          (DJ):    0.000ns
    Phase Error              (PE):    0.000ns
    User Uncertainty         (UU):    0.200ns

    Location             Delay type                Incr(ns)  Path(ns)    Netlist Resource(s)
  -------------------------------------------------------------------    -------------------
                         (clock clk rise edge)        0.000     0.000 r  
                                                      0.000     0.000 r  clk (IN)
                         net (fo=27252, unset)        0.973     0.973    u_verify/clk
                         RAMB36E1                                     r  u_verify/spad_reg_3_2/CLKBWRCLK
  -------------------------------------------------------------------    -------------------
                         RAMB36E1 (Prop_ramb36e1_CLKBWRCLK_DOBDO[1])
                                                      2.454     3.427 r  u_verify/spad_reg_3_2/DOBDO[1]
                         net (fo=29, unplaced)        0.800     4.227    u_verify/u_uh/u_dec/sp_rd_data[19]
                         LUT2 (Prop_lut2_I0_O)        0.150     4.377 r  u_verify/u_uh/u_dec/r0_tmp2_carry_i_3/O
                         net (fo=1, unplaced)         0.000     4.377    u_verify/u_uh/u_dec/r0_tmp2_carry_i_3_n_0
                         CARRY4 (Prop_carry4_DI[1]_O[3])
                                                      0.656     5.033 r  u_verify/u_uh/u_dec/r0_tmp2_carry/O[3]
                         net (fo=3, unplaced)         0.636     5.669    u_verify/u_uh/u_dec/r0_tmp2_carry_n_4
                         LUT3 (Prop_lut3_I1_O)        0.307     5.976 r  u_verify/u_uh/u_dec/r0_tmp2__21_carry_i_6/O
                         net (fo=1, unplaced)         0.000     5.976    u_verify/u_uh/u_dec/r0_tmp2__21_carry_i_6_n_0
                         CARRY4 (Prop_carry4_S[1]_O[3])
                                                      0.643     6.619 r  u_verify/u_uh/u_dec/r0_tmp2__21_carry/O[3]
                         net (fo=1, unplaced)         0.618     7.237    u_verify/u_uh/u_dec/r0_tmp2__21_carry_n_4
                         LUT2 (Prop_lut2_I1_O)        0.307     7.544 r  u_verify/u_uh/u_dec/r0_tmp2__42_carry__2_i_1/O
                         net (fo=1, unplaced)         0.000     7.544    u_verify/u_uh/u_dec/r0_tmp2__42_carry__2_i_1_n_0
                         CARRY4 (Prop_carry4_S[3]_CO[3])
                                                      0.376     7.920 r  u_verify/u_uh/u_dec/r0_tmp2__42_carry__2/CO[3]
                         net (fo=1, unplaced)         0.000     7.920    u_verify/u_uh/u_dec/r0_tmp2__42_carry__2_n_0
                         CARRY4 (Prop_carry4_CI_O[0])
                                                      0.232     8.152 r  u_verify/u_uh/u_dec/r0_tmp2__42_carry__3/O[0]
                         net (fo=6, unplaced)         1.015     9.167    u_verify/u_uh/u_dec/r0_tmp2__42_carry__3_n_7
                         CARRY4 (Prop_carry4_S[3]_CO[3])
                                                      0.671     9.838 r  u_verify/u_uh/u_dec/r0_tmp2__91_carry__0/CO[3]
                         net (fo=1, unplaced)         0.000     9.838    u_verify/u_uh/u_dec/r0_tmp2__91_carry__0_n_0
                         CARRY4 (Prop_carry4_CI_CO[2])
                                                      0.252    10.090 r  u_verify/u_uh/u_dec/r0_tmp2__91_carry__1/CO[2]
                         net (fo=45, unplaced)        0.532    10.622    u_verify/u_uh/u_dec/r0_tmp2__91_carry__1_n_1
                         LUT3 (Prop_lut3_I1_O)        0.302    10.924 r  u_verify/u_uh/u_dec/r0_m0_carry_i_9/O
                         net (fo=1, unplaced)         0.902    11.826    u_verify/u_uh/u_dec/r0_tmp2[12]
                         LUT6 (Prop_lut6_I0_O)        0.124    11.950 f  u_verify/u_uh/u_dec/r0_m0_carry_i_4/O
                         net (fo=1, unplaced)         0.419    12.369    u_verify/u_uh/u_dec/r0_m0_carry_i_4_n_0
                         LUT6 (Prop_lut6_I1_O)        0.124    12.493 r  u_verify/u_uh/u_dec/r0_m0_carry_i_2/O
                         net (fo=38, unplaced)        0.524    13.017    u_verify/u_uh/u_dec/r0_tmp1
                         LUT6 (Prop_lut6_I1_O)        0.124    13.141 r  u_verify/u_uh/u_dec/r10__54_carry_i_18/O
                         net (fo=1, unplaced)         0.000    13.141    u_verify/u_uh/u_dec/r10__54_carry_i_18_n_0
                         CARRY4 (Prop_carry4_S[1]_CO[3])
                                                      0.533    13.674 r  u_verify/u_uh/u_dec/r10__54_carry_i_10/CO[3]
                         net (fo=1, unplaced)         0.000    13.674    u_verify/u_uh/u_dec/r10__54_carry_i_10_n_0
                         CARRY4 (Prop_carry4_CI_CO[3])
                                                      0.117    13.791 r  u_verify/u_uh/u_dec/r10__54_carry_i_9/CO[3]
                         net (fo=1, unplaced)         0.000    13.791    u_verify/u_uh/u_dec/r10__54_carry_i_9_n_0
                         CARRY4 (Prop_carry4_CI_CO[3])
                                                      0.117    13.908 r  u_verify/u_uh/u_dec/r10_carry_i_9/CO[3]
                         net (fo=1, unplaced)         0.000    13.908    u_verify/u_uh/u_dec/r10_carry_i_9_n_0
                         CARRY4 (Prop_carry4_CI_O[1])
                                                      0.337    14.245 r  u_verify/u_uh/u_dec/r10_carry__1_i_1/O[1]
                         net (fo=31, unplaced)        0.681    14.926    u_verify/u_uh/u_dec/sel0[21]
                         LUT3 (Prop_lut3_I0_O)        0.332    15.258 r  u_verify/u_uh/u_dec/r10_carry_i_3/O
                         net (fo=1, unplaced)         0.000    15.258    u_verify/u_uh/u_dec/r10_carry_i_3_n_0
                         CARRY4 (Prop_carry4_DI[1]_CO[3])
                                                      0.547    15.805 r  u_verify/u_uh/u_dec/r10_carry/CO[3]
                         net (fo=1, unplaced)         0.009    15.814    u_verify/u_uh/u_dec/r10_carry_n_0
                         CARRY4 (Prop_carry4_CI_O[1])
                                                      0.337    16.151 r  u_verify/u_uh/u_dec/r10_carry__0/O[1]
                         net (fo=5, unplaced)         0.639    16.790    u_verify/u_uh/u_dec/r10_carry__0_n_6
                         LUT5 (Prop_lut5_I1_O)        0.306    17.096 r  u_verify/u_uh/u_dec/r10__23_carry_i_5/O
                         net (fo=1, unplaced)         0.000    17.096    u_verify/u_uh/u_dec/r10__23_carry_i_5_n_0
                         CARRY4 (Prop_carry4_S[3]_CO[3])
                                                      0.376    17.472 r  u_verify/u_uh/u_dec/r10__23_carry/CO[3]
                         net (fo=1, unplaced)         0.009    17.481    u_verify/u_uh/u_dec/r10__23_carry_n_0
                         CARRY4 (Prop_carry4_CI_O[1])
                                                      0.337    17.818 r  u_verify/u_uh/u_dec/r10__23_carry__0/O[1]
                         net (fo=3, unplaced)         0.629    18.447    u_verify/u_uh/u_dec/r10__23_carry__0_n_6
                         LUT4 (Prop_lut4_I1_O)        0.306    18.753 r  u_verify/u_uh/u_dec/r10__54_carry__1_i_7/O
                         net (fo=1, unplaced)         0.000    18.753    u_verify/u_uh/u_dec/r10__54_carry__1_i_7_n_0
                         CARRY4 (Prop_carry4_S[1]_CO[3])
                                                      0.533    19.286 r  u_verify/u_uh/u_dec/r10__54_carry__1/CO[3]
                         net (fo=1, unplaced)         0.000    19.286    u_verify/u_uh/u_dec/r10__54_carry__1_n_0
                         CARRY4 (Prop_carry4_CI_CO[1])
                                                      0.179    19.465 r  u_verify/u_uh/u_dec/r10__54_carry__2/CO[1]
                         net (fo=5, unplaced)         0.340    19.805    u_verify/u_uh/u_dec/r10__54_carry__2_n_2
                         LUT3 (Prop_lut3_I0_O)        0.324    20.129 r  u_verify/u_uh/u_dec/w1_lane_data[59]_i_13/O
                         net (fo=6, unplaced)         0.481    20.610    u_verify/u_uh/u_dec/w1_lane_data[59]_i_13_n_0
                         LUT6 (Prop_lut6_I4_O)        0.124    20.734 f  u_verify/u_uh/u_dec/w1_lane_data[57]_i_7/O
                         net (fo=1, unplaced)         0.902    21.636    u_verify/u_uh/u_dec/r1__38[4]
                         LUT6 (Prop_lut6_I1_O)        0.124    21.760 r  u_verify/u_uh/u_dec/w1_lane_data[57]_i_3/O
                         net (fo=2, unplaced)         0.460    22.220    u_verify/u_uh/u_dec/w1_lane_data[57]_i_3_n_0
                         LUT5 (Prop_lut5_I2_O)        0.124    22.344 r  u_verify/u_uh/u_dec/w1_lane_data[56]_i_2/O
                         net (fo=2, unplaced)         0.460    22.804    u_verify/u_uh/u_dec/uh_out[0]
                         LUT2 (Prop_lut2_I1_O)        0.124    22.928 r  u_verify/u_uh/u_dec/w1_lane_data[56]_i_1/O
                         net (fo=15, unplaced)        0.000    22.928    u_verify/u_uh_n_7
                         FDRE                                         r  u_verify/w1_lane_data_reg[32]/D
  -------------------------------------------------------------------    -------------------

                         (clock clk rise edge)       25.000    25.000 r  
                                                      0.000    25.000 r  clk (IN)
                         net (fo=27252, unset)        0.924    25.924    u_verify/clk
                         FDRE                                         r  u_verify/w1_lane_data_reg[32]/C
                         clock pessimism              0.000    25.924    
                         clock uncertainty           -0.235    25.689    
                         FDRE (Setup_fdre_C_D)        0.077    25.766    u_verify/w1_lane_data_reg[32]
  -------------------------------------------------------------------
                         required time                         25.766    
                         arrival time                         -22.928    
  -------------------------------------------------------------------
                         slack                                  2.838    

Slack (MET) :             2.838ns  (required time - arrival time)
  Source:                 u_verify/spad_reg_3_2/CLKBWRCLK
                            (rising edge-triggered cell RAMB36E1 clocked by clk  {rise@0.000ns fall@12.500ns period=25.000ns})
  Destination:            u_verify/w1_lane_data_reg[36]/D
                            (rising edge-triggered cell FDRE clocked by clk  {rise@0.000ns fall@12.500ns period=25.000ns})
  Path Group:             clk
  Path Type:              Setup (Max at Slow Process Corner)
  Requirement:            25.000ns  (clk rise@25.000ns - clk rise@0.000ns)
  Data Path Delay:        21.955ns  (logic 11.899ns (54.198%)  route 10.056ns (45.802%))
  Logic Levels:           31  (CARRY4=16 LUT2=3 LUT3=4 LUT4=1 LUT5=2 LUT6=5)
  Clock Path Skew:        -0.049ns (DCD - SCD + CPR)
    Destination Clock Delay (DCD):    0.924ns = ( 25.924 - 25.000 ) 
    Source Clock Delay      (SCD):    0.973ns
    Clock Pessimism Removal (CPR):    0.000ns
  Clock Uncertainty:      0.235ns  ((TSJ^2 + TIJ^2)^1/2 + DJ) / 2 + PE + UU
    Total System Jitter     (TSJ):    0.071ns
    Total Input Jitter      (TIJ):    0.000ns
    Discrete Jitter          (DJ):    0.000ns
    Phase Error              (PE):    0.000ns
    User Uncertainty         (UU):    0.200ns

    Location             Delay type                Incr(ns)  Path(ns)    Netlist Resource(s)
  -------------------------------------------------------------------    -------------------
                         (clock clk rise edge)        0.000     0.000 r  
                                                      0.000     0.000 r  clk (IN)
                         net (fo=27252, unset)        0.973     0.973    u_verify/clk
                         RAMB36E1                                     r  u_verify/spad_reg_3_2/CLKBWRCLK
  -------------------------------------------------------------------    -------------------
                         RAMB36E1 (Prop_ramb36e1_CLKBWRCLK_DOBDO[1])
                                                      2.454     3.427 r  u_verify/spad_reg_3_2/DOBDO[1]
                         net (fo=29, unplaced)        0.800     4.227    u_verify/u_uh/u_dec/sp_rd_data[19]
                         LUT2 (Prop_lut2_I0_O)        0.150     4.377 r  u_verify/u_uh/u_dec/r0_tmp2_carry_i_3/O
                         net (fo=1, unplaced)         0.000     4.377    u_verify/u_uh/u_dec/r0_tmp2_carry_i_3_n_0
                         CARRY4 (Prop_carry4_DI[1]_O[3])
                                                      0.656     5.033 r  u_verify/u_uh/u_dec/r0_tmp2_carry/O[3]
                         net (fo=3, unplaced)         0.636     5.669    u_verify/u_uh/u_dec/r0_tmp2_carry_n_4
                         LUT3 (Prop_lut3_I1_O)        0.307     5.976 r  u_verify/u_uh/u_dec/r0_tmp2__21_carry_i_6/O
                         net (fo=1, unplaced)         0.000     5.976    u_verify/u_uh/u_dec/r0_tmp2__21_carry_i_6_n_0
                         CARRY4 (Prop_carry4_S[1]_O[3])
                                                      0.643     6.619 r  u_verify/u_uh/u_dec/r0_tmp2__21_carry/O[3]
                         net (fo=1, unplaced)         0.618     7.237    u_verify/u_uh/u_dec/r0_tmp2__21_carry_n_4
                         LUT2 (Prop_lut2_I1_O)        0.307     7.544 r  u_verify/u_uh/u_dec/r0_tmp2__42_carry__2_i_1/O
                         net (fo=1, unplaced)         0.000     7.544    u_verify/u_uh/u_dec/r0_tmp2__42_carry__2_i_1_n_0
                         CARRY4 (Prop_carry4_S[3]_CO[3])
                                                      0.376     7.920 r  u_verify/u_uh/u_dec/r0_tmp2__42_carry__2/CO[3]
                         net (fo=1, unplaced)         0.000     7.920    u_verify/u_uh/u_dec/r0_tmp2__42_carry__2_n_0
                         CARRY4 (Prop_carry4_CI_O[0])
                                                      0.232     8.152 r  u_verify/u_uh/u_dec/r0_tmp2__42_carry__3/O[0]
                         net (fo=6, unplaced)         1.015     9.167    u_verify/u_uh/u_dec/r0_tmp2__42_carry__3_n_7
                         CARRY4 (Prop_carry4_S[3]_CO[3])
                                                      0.671     9.838 r  u_verify/u_uh/u_dec/r0_tmp2__91_carry__0/CO[3]
                         net (fo=1, unplaced)         0.000     9.838    u_verify/u_uh/u_dec/r0_tmp2__91_carry__0_n_0
                         CARRY4 (Prop_carry4_CI_CO[2])
                                                      0.252    10.090 r  u_verify/u_uh/u_dec/r0_tmp2__91_carry__1/CO[2]
                         net (fo=45, unplaced)        0.532    10.622    u_verify/u_uh/u_dec/r0_tmp2__91_carry__1_n_1
                         LUT3 (Prop_lut3_I1_O)        0.302    10.924 r  u_verify/u_uh/u_dec/r0_m0_carry_i_9/O
                         net (fo=1, unplaced)         0.902    11.826    u_verify/u_uh/u_dec/r0_tmp2[12]
                         LUT6 (Prop_lut6_I0_O)        0.124    11.950 f  u_verify/u_uh/u_dec/r0_m0_carry_i_4/O
                         net (fo=1, unplaced)         0.419    12.369    u_verify/u_uh/u_dec/r0_m0_carry_i_4_n_0
                         LUT6 (Prop_lut6_I1_O)        0.124    12.493 r  u_verify/u_uh/u_dec/r0_m0_carry_i_2/O
                         net (fo=38, unplaced)        0.524    13.017    u_verify/u_uh/u_dec/r0_tmp1
                         LUT6 (Prop_lut6_I1_O)        0.124    13.141 r  u_verify/u_uh/u_dec/r10__54_carry_i_18/O
                         net (fo=1, unplaced)         0.000    13.141    u_verify/u_uh/u_dec/r10__54_carry_i_18_n_0
                         CARRY4 (Prop_carry4_S[1]_CO[3])
                                                      0.533    13.674 r  u_verify/u_uh/u_dec/r10__54_carry_i_10/CO[3]
                         net (fo=1, unplaced)         0.000    13.674    u_verify/u_uh/u_dec/r10__54_carry_i_10_n_0
                         CARRY4 (Prop_carry4_CI_CO[3])
                                                      0.117    13.791 r  u_verify/u_uh/u_dec/r10__54_carry_i_9/CO[3]
                         net (fo=1, unplaced)         0.000    13.791    u_verify/u_uh/u_dec/r10__54_carry_i_9_n_0
                         CARRY4 (Prop_carry4_CI_CO[3])
                                                      0.117    13.908 r  u_verify/u_uh/u_dec/r10_carry_i_9/CO[3]
                         net (fo=1, unplaced)         0.000    13.908    u_verify/u_uh/u_dec/r10_carry_i_9_n_0
                         CARRY4 (Prop_carry4_CI_O[1])
                                                      0.337    14.245 r  u_verify/u_uh/u_dec/r10_carry__1_i_1/O[1]
                         net (fo=31, unplaced)        0.681    14.926    u_verify/u_uh/u_dec/sel0[21]
                         LUT3 (Prop_lut3_I0_O)        0.332    15.258 r  u_verify/u_uh/u_dec/r10_carry_i_3/O
                         net (fo=1, unplaced)         0.000    15.258    u_verify/u_uh/u_dec/r10_carry_i_3_n_0
                         CARRY4 (Prop_carry4_DI[1]_CO[3])
                                                      0.547    15.805 r  u_verify/u_uh/u_dec/r10_carry/CO[3]
                         net (fo=1, unplaced)         0.009    15.814    u_verify/u_uh/u_dec/r10_carry_n_0
                         CARRY4 (Prop_carry4_CI_O[1])
                                                      0.337    16.151 r  u_verify/u_uh/u_dec/r10_carry__0/O[1]
                         net (fo=5, unplaced)         0.639    16.790    u_verify/u_uh/u_dec/r10_carry__0_n_6
                         LUT5 (Prop_lut5_I1_O)        0.306    17.096 r  u_verify/u_uh/u_dec/r10__23_carry_i_5/O
                         net (fo=1, unplaced)         0.000    17.096    u_verify/u_uh/u_dec/r10__23_carry_i_5_n_0
                         CARRY4 (Prop_carry4_S[3]_CO[3])
                                                      0.376    17.472 r  u_verify/u_uh/u_dec/r10__23_carry/CO[3]
                         net (fo=1, unplaced)         0.009    17.481    u_verify/u_uh/u_dec/r10__23_carry_n_0
                         CARRY4 (Prop_carry4_CI_O[1])
                                                      0.337    17.818 r  u_verify/u_uh/u_dec/r10__23_carry__0/O[1]
                         net (fo=3, unplaced)         0.629    18.447    u_verify/u_uh/u_dec/r10__23_carry__0_n_6
                         LUT4 (Prop_lut4_I1_O)        0.306    18.753 r  u_verify/u_uh/u_dec/r10__54_carry__1_i_7/O
                         net (fo=1, unplaced)         0.000    18.753    u_verify/u_uh/u_dec/r10__54_carry__1_i_7_n_0
                         CARRY4 (Prop_carry4_S[1]_CO[3])
                                                      0.533    19.286 r  u_verify/u_uh/u_dec/r10__54_carry__1/CO[3]
                         net (fo=1, unplaced)         0.000    19.286    u_verify/u_uh/u_dec/r10__54_carry__1_n_0
                         CARRY4 (Prop_carry4_CI_CO[1])
                                                      0.179    19.465 r  u_verify/u_uh/u_dec/r10__54_carry__2/CO[1]
                         net (fo=5, unplaced)         0.340    19.805    u_verify/u_uh/u_dec/r10__54_carry__2_n_2
                         LUT3 (Prop_lut3_I0_O)        0.324    20.129 r  u_verify/u_uh/u_dec/w1_lane_data[59]_i_13/O
                         net (fo=6, unplaced)         0.481    20.610    u_verify/u_uh/u_dec/w1_lane_data[59]_i_13_n_0
                         LUT6 (Prop_lut6_I4_O)        0.124    20.734 f  u_verify/u_uh/u_dec/w1_lane_data[57]_i_7/O
                         net (fo=1, unplaced)         0.902    21.636    u_verify/u_uh/u_dec/r1__38[4]
                         LUT6 (Prop_lut6_I1_O)        0.124    21.760 r  u_verify/u_uh/u_dec/w1_lane_data[57]_i_3/O
                         net (fo=2, unplaced)         0.460    22.220    u_verify/u_uh/u_dec/w1_lane_data[57]_i_3_n_0
                         LUT5 (Prop_lut5_I2_O)        0.124    22.344 r  u_verify/u_uh/u_dec/w1_lane_data[56]_i_2/O
                         net (fo=2, unplaced)         0.460    22.804    u_verify/u_uh/u_dec/uh_out[0]
                         LUT2 (Prop_lut2_I1_O)        0.124    22.928 r  u_verify/u_uh/u_dec/w1_lane_data[56]_i_1/O
                         net (fo=15, unplaced)        0.000    22.928    u_verify/u_uh_n_7
                         FDRE                                         r  u_verify/w1_lane_data_reg[36]/D
  -------------------------------------------------------------------    -------------------

                         (clock clk rise edge)       25.000    25.000 r  
                                                      0.000    25.000 r  clk (IN)
                         net (fo=27252, unset)        0.924    25.924    u_verify/clk
                         FDRE                                         r  u_verify/w1_lane_data_reg[36]/C
                         clock pessimism              0.000    25.924    
                         clock uncertainty           -0.235    25.689    
                         FDRE (Setup_fdre_C_D)        0.077    25.766    u_verify/w1_lane_data_reg[36]
  -------------------------------------------------------------------
                         required time                         25.766    
                         arrival time                         -22.928    
  -------------------------------------------------------------------
                         slack                                  2.838    





Pulse Width Checks
--------------------------------------------------------------------------------------
Clock Name:         clk
Waveform(ns):       { 0.000 12.500 }
Period(ns):         25.000
Sources:            { clk }

Check Type        Corner  Lib Pin      Reference Pin  Required(ns)  Actual(ns)  Slack(ns)  Location  Pin
Min Period        n/a     DSP48E1/CLK  n/a            3.884         25.000      21.116               u_keygen/u_pmul/s1_prod_reg/CLK
Min Period        n/a     DSP48E1/CLK  n/a            3.884         25.000      21.116               u_keygen/u_pmul/s2_m_reg/CLK
Min Period        n/a     DSP48E1/CLK  n/a            3.884         25.000      21.116               u_ntt/u_bf/u_mont/s2_m_reg/CLK
Min Period        n/a     DSP48E1/CLK  n/a            3.884         25.000      21.116               u_ntt/u_sc_mont/s2_m_reg/CLK
Min Period        n/a     DSP48E1/CLK  n/a            3.884         25.000      21.116               u_sign/u_pmul/s1_prod_reg/CLK
Min Period        n/a     DSP48E1/CLK  n/a            3.884         25.000      21.116               u_sign/u_pmul/s2_m_reg/CLK
Min Period        n/a     DSP48E1/CLK  n/a            3.884         25.000      21.116               u_verify/u_pmul/s2_m_reg/CLK
Min Period        n/a     DSP48E1/CLK  n/a            3.687         25.000      21.313               u_ntt/u_bf/u_mont/s1_prod_reg/CLK
Min Period        n/a     DSP48E1/CLK  n/a            3.687         25.000      21.313               u_ntt/u_sc_mont/s2_m_full/CLK
Min Period        n/a     DSP48E1/CLK  n/a            3.687         25.000      21.313               u_verify/u_pmul/s1_prod_reg/CLK
Low Pulse Width   Slow    RAMD64E/CLK  n/a            1.250         12.500      11.250               pk_ram_reg_r1_0_63_0_2/RAMA/CLK
Low Pulse Width   Fast    RAMD64E/CLK  n/a            1.250         12.500      11.250               pk_ram_reg_r1_0_63_0_2/RAMA/CLK
Low Pulse Width   Slow    RAMD64E/CLK  n/a            1.250         12.500      11.250               pk_ram_reg_r1_0_63_0_2/RAMB/CLK
Low Pulse Width   Fast    RAMD64E/CLK  n/a            1.250         12.500      11.250               pk_ram_reg_r1_0_63_0_2/RAMB/CLK
Low Pulse Width   Slow    RAMD64E/CLK  n/a            1.250         12.500      11.250               pk_ram_reg_r1_0_63_0_2/RAMC/CLK
Low Pulse Width   Fast    RAMD64E/CLK  n/a            1.250         12.500      11.250               pk_ram_reg_r1_0_63_0_2/RAMC/CLK
Low Pulse Width   Slow    RAMD64E/CLK  n/a            1.250         12.500      11.250               pk_ram_reg_r1_0_63_0_2/RAMD/CLK
Low Pulse Width   Fast    RAMD64E/CLK  n/a            1.250         12.500      11.250               pk_ram_reg_r1_0_63_0_2/RAMD/CLK
Low Pulse Width   Slow    RAMD64E/CLK  n/a            1.250         12.500      11.250               pk_ram_reg_r1_0_63_3_5/RAMA/CLK
Low Pulse Width   Fast    RAMD64E/CLK  n/a            1.250         12.500      11.250               pk_ram_reg_r1_0_63_3_5/RAMA/CLK
High Pulse Width  Slow    RAMD64E/CLK  n/a            1.250         12.500      11.250               pk_ram_reg_r1_0_63_0_2/RAMA/CLK
High Pulse Width  Fast    RAMD64E/CLK  n/a            1.250         12.500      11.250               pk_ram_reg_r1_0_63_0_2/RAMA/CLK
High Pulse Width  Slow    RAMD64E/CLK  n/a            1.250         12.500      11.250               pk_ram_reg_r1_0_63_0_2/RAMB/CLK
High Pulse Width  Fast    RAMD64E/CLK  n/a            1.250         12.500      11.250               pk_ram_reg_r1_0_63_0_2/RAMB/CLK
High Pulse Width  Slow    RAMD64E/CLK  n/a            1.250         12.500      11.250               pk_ram_reg_r1_0_63_0_2/RAMC/CLK
High Pulse Width  Fast    RAMD64E/CLK  n/a            1.250         12.500      11.250               pk_ram_reg_r1_0_63_0_2/RAMC/CLK
High Pulse Width  Slow    RAMD64E/CLK  n/a            1.250         12.500      11.250               pk_ram_reg_r1_0_63_0_2/RAMD/CLK
High Pulse Width  Fast    RAMD64E/CLK  n/a            1.250         12.500      11.250               pk_ram_reg_r1_0_63_0_2/RAMD/CLK
High Pulse Width  Slow    RAMD64E/CLK  n/a            1.250         12.500      11.250               pk_ram_reg_r1_0_63_3_5/RAMA/CLK
High Pulse Width  Fast    RAMD64E/CLK  n/a            1.250         12.500      11.250               pk_ram_reg_r1_0_63_3_5/RAMA/CLK



